-- phpMyAdmin SQL Dump
-- version 4.9.7
-- https://www.phpmyadmin.net/
--
-- Host: localhost:3306
-- Generation Time: Jan 30, 2023 at 06:53 AM
-- Server version: 10.5.17-MariaDB-cll-lve
-- PHP Version: 7.4.30

SET SQL_MODE = "NO_AUTO_VALUE_ON_ZERO";
SET AUTOCOMMIT = 0;
START TRANSACTION;
SET time_zone = "+00:00";


/*!40101 SET @OLD_CHARACTER_SET_CLIENT=@@CHARACTER_SET_CLIENT */;
/*!40101 SET @OLD_CHARACTER_SET_RESULTS=@@CHARACTER_SET_RESULTS */;
/*!40101 SET @OLD_COLLATION_CONNECTION=@@COLLATION_CONNECTION */;
/*!40101 SET NAMES utf8mb4 */;

--
-- Database: `n1609681_binasafety`
--

-- --------------------------------------------------------

--
-- Table structure for table `tb_pekerja`
--

CREATE TABLE `tb_pekerja` (
  `id_pekerja` int(5) NOT NULL,
  `nama` varchar(255) NOT NULL,
  `tgl_lahir` date NOT NULL,
  `operator` varchar(255) NOT NULL,
  `pekerjaan_id` int(3) NOT NULL,
  `npwp` varchar(50) DEFAULT NULL,
  `nama_pt` varchar(100) DEFAULT NULL,
  `alamat_pt` varchar(250) DEFAULT NULL
) ENGINE=InnoDB DEFAULT CHARSET=latin1;

--
-- Dumping data for table `tb_pekerja`
--

INSERT INTO `tb_pekerja` (`id_pekerja`, `nama`, `tgl_lahir`, `operator`, `pekerjaan_id`, `npwp`, `nama_pt`, `alamat_pt`) VALUES
(10, 'Cahya Diantoni', '2002-04-02', 'IT Technical Support', 1, NULL, NULL, NULL),
(26, 'Haryanto', '2021-09-05', 'operator', 2, NULL, NULL, NULL),
(34, 'ADIANTO', '1997-08-17', 'Excavator', 2, NULL, NULL, NULL),
(39, 'MUHAMMAD RIZAL ASROFI', '2001-07-05', 'FORKLIFT', 2, NULL, NULL, NULL),
(40, 'MUKHAMMAD KHOF KHOIRUL ANAM', '2000-12-02', 'FORKLIFT', 2, NULL, NULL, NULL),
(41, 'SUTRISNO', '1973-12-31', 'K3 Umum', 1, NULL, NULL, NULL),
(42, 'SUPRIADI', '1981-12-05', 'Vibro Roller', 2, NULL, NULL, NULL),
(43, 'RUDI EKO WIJAYANTO', '1976-05-29', 'Tower Crane', 2, NULL, NULL, NULL),
(44, 'SAMUEL JOKO SANTOSO', '1992-10-07', 'Tower Crane', 2, NULL, NULL, NULL),
(45, 'ACHMAD MUNIR FITRIANTO', '1987-05-31', 'Tower Crane', 2, NULL, NULL, NULL),
(46, 'SUBEKTI', '1982-06-22', 'Passenger Hoist', 2, NULL, NULL, NULL),
(47, 'SALVI CANDRA', '1983-03-17', 'K3 Umum', 1, NULL, NULL, NULL),
(48, 'ABDULLAH ARSYIDKI', '1990-01-16', 'EXCAVATOR', 2, NULL, NULL, NULL),
(49, 'IWAN', '1983-03-15', 'GONDOLA', 2, NULL, NULL, NULL),
(50, 'SUTRADARA MANURUNG', '2003-10-18', 'Excavator', 2, NULL, NULL, NULL),
(51, 'RAHMAT ZUHERIADI', '1989-04-27', 'K3 Umum', 1, NULL, NULL, NULL),
(52, 'SUSANTO', '1971-10-02', 'K3 Umum', 1, NULL, NULL, NULL),
(53, 'TAUFIQUL HADI', '1999-05-05', 'K3 Listrik', 1, NULL, NULL, NULL),
(54, 'RIZAM BAKRI', '1990-11-12', 'Excavator', 2, NULL, NULL, NULL),
(55, 'DARIM', '1994-09-05', 'Juru Ikat / Rigger', 2, NULL, NULL, NULL),
(56, 'ADE ACHMAD JAELANI', '1991-01-27', 'Juru Ikat / Rigger', 2, NULL, NULL, NULL),
(57, 'EDI SARTIKO', '1991-01-22', 'Forklift', 2, NULL, NULL, NULL),
(58, 'NASIM', '1970-04-21', 'Excavator', 2, NULL, NULL, NULL),
(59, 'BUDI SUSANTO', '1971-06-19', 'Forklift', 2, NULL, NULL, NULL),
(60, 'RABU', '1965-08-19', 'Mobile Crane', 2, NULL, NULL, NULL),
(61, 'BAMBANG SYAHPUTRA DAMANIK', '2002-02-20', 'Excavator', 2, NULL, NULL, NULL),
(62, 'MASYUDIK HARTONO', '1986-05-23', 'K3 Umum', 1, NULL, NULL, NULL),
(63, 'ABDUS SATAR', '1958-02-01', 'Overhead Crane', 2, NULL, NULL, NULL),
(65, 'ZAENUDIN', '1973-11-12', 'K3 Ketinggian', 1, NULL, NULL, NULL),
(66, 'DAKIR', '1971-07-02', 'Wheel Loader', 2, NULL, NULL, NULL),
(67, 'ROMI SIHOTANG', '1993-09-12', 'Excavator', 2, NULL, NULL, NULL),
(68, 'HERI APRILLIANTO', '2000-03-23', 'Excavator', 2, NULL, NULL, NULL),
(70, 'NUR IHLAS', '1999-07-12', 'Reach Stacker', 2, NULL, NULL, NULL),
(71, 'INDRADANA ARDIAN', '1982-06-16', 'K3 Umum', 1, NULL, NULL, NULL),
(72, 'DOMINGGUS ROMMER', '1982-10-13', 'Pedestal Crane', 2, NULL, NULL, NULL),
(73, 'BAMBANG DWI PRAMONO', '1967-01-12', 'Mobile Crane', 2, NULL, NULL, NULL),
(74, 'ASEP SARIPUDIN ', '1999-10-18', 'Forklift', 2, NULL, NULL, NULL),
(75, 'test', '2021-11-23', 'testpekerjaan', 3, NULL, NULL, NULL),
(78, 'YASIN ', '1986-01-05', 'Welder', 3, NULL, NULL, NULL),
(79, 'HERU IMAM SUBEKTI ', '1993-05-01', 'Welder', 3, NULL, NULL, NULL),
(80, 'ABDUL SAHID  ', '1986-06-10', 'Welder', 3, NULL, NULL, NULL),
(81, 'SARIFUDIN SATA ', '1987-08-16', 'Welder', 3, NULL, NULL, NULL),
(82, 'HENDRI ', '1987-08-26', 'Welder', 3, NULL, NULL, NULL),
(83, 'SEPTIAN EFFENDI', '1994-10-01', 'Welder', 3, NULL, NULL, NULL),
(84, 'SUKRIYANTO ', '1992-12-07', 'Welder', 3, NULL, NULL, NULL),
(85, 'MUHAMMAD ABDULLAH ADE FIRMAN ', '1993-09-11', 'Welder', 3, NULL, NULL, NULL),
(86, 'ADE NANA TRIANA SUTARDI ', '1981-09-11', 'Welder', 3, NULL, NULL, NULL),
(87, 'OVAN SOFYAN NUGRAHA', '1979-12-12', 'Welder', 3, NULL, NULL, NULL),
(88, 'WIWIT SUJADI,ST', '1982-02-18', 'AHLI K3 UMUM', 1, NULL, NULL, NULL),
(89, 'RACHMAT HIDAYAT,S', '1986-08-25', 'AHLI K3 LISTRIK', 1, NULL, NULL, NULL),
(90, 'CLARITHA YULMINGGO KOROHAMA', '1998-07-05', 'AHLI K3 LISTRIK', 1, NULL, NULL, NULL),
(91, 'ACHMAD NGAEZUHRI ', '1983-04-03', 'PASSENGGER HOIST ', 2, NULL, NULL, NULL),
(92, 'ROHMAD EKO BUDI UTOMO', '1994-02-12', 'TOWER CRANE', 2, NULL, NULL, NULL),
(93, 'MULYONO', '1973-05-08', 'Welder', 3, NULL, NULL, NULL),
(94, 'RONI', '1982-06-21', 'Welder', 3, NULL, NULL, NULL),
(95, 'SOLIHIN', '1983-06-18', 'Welder', 3, NULL, NULL, NULL),
(97, 'SUMARDI', '1985-08-17', 'AHLI K3 KEBAKARAN', 1, NULL, NULL, NULL),
(98, 'MEI ANDRI MIKA YUSTIAN', '1984-05-31', 'VIBRO ROLLER', 2, NULL, NULL, NULL),
(99, 'RIO RIZKY HERMAWAN ', '2001-05-03', 'Forklift', 2, NULL, NULL, NULL),
(100, 'RIO RIZKY HERMAWAN ', '2001-05-03', 'Forklift', 2, NULL, NULL, NULL),
(101, 'MARSELLA', '1996-03-15', 'Operator Excavator', 2, NULL, NULL, NULL),
(102, 'EDI BASOPI', '1992-05-10', 'Welder', 3, NULL, NULL, NULL),
(103, 'MOHAMMAD NIDHOMUDDIN', '1997-01-27', 'AHLI K3 UMUM', 1, NULL, NULL, NULL),
(104, 'GIYANTO', '1972-02-23', 'AHLI K3 UMUM', 1, NULL, NULL, NULL),
(105, 'IRVAN RISMAWAN ', '1985-04-18', 'AHLI K3 KETINGGIAN', 1, NULL, NULL, NULL),
(106, 'ENDANG SRI RAHAYU', '1982-06-25', 'AHLI K3 UMUM', 1, NULL, NULL, NULL),
(107, 'GREGORIUS ANDRY LAKSMANA', '1993-05-17', 'AHLI K3 LISTRIK', 1, NULL, NULL, NULL),
(108, 'GREGORIUS ANDRY LAKSMANA', '1993-05-17', 'AHLI K3 LISTRIK', 1, NULL, NULL, NULL),
(109, 'MUHAMMAD HASAN BASRI', '1994-01-30', 'FORKLIFT', 2, NULL, NULL, NULL),
(110, 'I NYOMAN SRINATA', '1966-10-20', 'PESAWAT UAP DAN BEJANA TEKAN', 1, NULL, NULL, NULL),
(111, 'FRANSISKUS EMAN MANURAK', '1992-09-01', 'MOTOR GRADER ', 2, NULL, NULL, NULL),
(113, 'BAYU HANINDIO ', '1983-11-03', 'AHLI K3 UMUM', 1, NULL, NULL, NULL),
(114, 'BHARA PERMATA ADITYA PUTRA', '2002-06-25', 'AHLI K3 KEBAKARAN', 1, NULL, NULL, NULL),
(115, 'RAHMAD ANDRIAN ', '1994-12-12', 'AHLI K3 UMUM', 1, NULL, NULL, NULL),
(116, 'ADIANTHO JUKU MEHANG', '1984-01-13', 'AHLI K3 UMUM', 1, NULL, NULL, NULL),
(117, 'RIZKO HERMAWAN', '2002-07-24', 'Operator Forklift', 2, NULL, NULL, NULL),
(118, 'M. IQBAL ROSYIDIN', '1996-11-28', 'AHLI K3 UMUM', 1, NULL, NULL, NULL),
(119, 'ARA KUSWARA', '2001-08-02', 'Forklift', 2, NULL, NULL, NULL),
(121, 'FITRA YUDHA PRATAMA', '1999-12-24', 'FORKLIFT', 2, NULL, NULL, NULL),
(122, 'ARI SUBARKAH ', '1998-06-18', 'WELDER', 3, NULL, NULL, NULL),
(126, 'GAMMARIUS GALAXIUS WENO,SE', '1974-02-26', 'AHLI K3 LISTRIK', 1, NULL, NULL, NULL),
(127, 'SAEFUL BAKHRI', '2000-07-16', 'FORKLIFT', 2, NULL, NULL, NULL),
(128, 'AJAT SUDRAJAT', '2000-08-06', 'Operator Excavator', 2, NULL, NULL, NULL),
(129, 'YOGI ABDUL GANI', '1993-09-23', 'AHLI K3 UMUM', 1, NULL, NULL, NULL),
(130, 'YASIR ABDUL KADIR', '1997-09-19', 'AHLI K3 UMUM', 1, NULL, NULL, NULL),
(131, 'HIMAWAN SUTANTON,ST', '1979-04-08', 'AHLI K3 LISTRIK', 1, NULL, NULL, NULL),
(132, 'MULYONO', '1986-09-10', 'AHLI BIDANG PESAWAT UAP DAN BEJANA TEKAN', 1, NULL, NULL, NULL),
(133, 'TASRIP', '1970-03-25', 'WELDER', 3, NULL, NULL, NULL),
(134, 'LAELAH  AGUSTINAH ', '1981-08-17', 'AHLI K3 UMUM', 1, NULL, NULL, NULL),
(135, 'RAYMOND JAMES TABELESSY', '1978-05-14', 'AHLI K3 UMUM', 1, NULL, NULL, NULL),
(136, 'SUMARDI.', '1985-08-17', 'AHLI K3 LISTRIK', 1, NULL, NULL, NULL),
(137, 'ZAENUDIN ', '1973-11-12', 'AHLI K3 KETINGGIAN ', 1, NULL, NULL, NULL),
(138, 'GANDI RIYANTO', '1982-12-27', 'PERANCAH SCAFOLLDER', 1, NULL, NULL, NULL),
(139, 'SUWITO ', '1985-09-17', 'WELDER', 3, NULL, NULL, NULL),
(140, 'WINARSIH ANGGRIANI', '1984-04-03', 'AHLI K3 LISTRIK', 1, NULL, NULL, NULL),
(141, 'RALIZAL ', '1960-02-10', 'AHLI K3 LISTRIK', 1, NULL, NULL, NULL),
(142, 'ZULFIKAR ', '1987-11-08', 'AHLI K3 LISTRIK', 1, NULL, NULL, NULL),
(143, 'HIDAYATULLAH', '1993-07-06', 'AHLI K3 LISTRIK', 1, NULL, NULL, NULL),
(144, 'LAZUARDI ', '1995-12-02', 'AHLI K3 LISTRIK', 1, NULL, NULL, NULL),
(145, 'MARUDDIN ', '1996-02-26', 'AHLI K3 LISTRIK', 1, NULL, NULL, NULL),
(146, 'WALUL AFWADI', '1995-10-07', 'AHLI K3 LISTRIK', 1, NULL, NULL, NULL),
(147, 'RAHMAT ABRIYANI ', '1967-10-20', 'AHLI K3 KETINGGIAN ', 1, NULL, NULL, NULL),
(148, 'EKO SUPRIYANTO', '1983-03-20', 'AHLI K3 KETINGGIAN ', 1, NULL, NULL, NULL),
(149, 'ADI PAMUNGKAS ', '1991-03-18', 'AHLI K3 LISTRIK', 1, NULL, NULL, NULL),
(150, 'WIDI ATMOKO ', '1982-10-13', 'AHLI K3 KETINGGIAN ', 1, NULL, NULL, NULL),
(151, 'EGA SA, YAN MASKURA', '1997-12-12', 'AHLI K3 KETINGGIAN ', 1, NULL, NULL, NULL),
(152, 'ADHAM RICHARDY', '1991-07-23', 'AHLI K3 KETINGGIAN ', 1, NULL, NULL, NULL),
(153, 'YUDHA TRIAS RUSMANA MERDEKA', '1995-05-05', 'AHLI K3 KETINGGIAN ', 1, NULL, NULL, NULL),
(157, 'MUHAMAD ATOILLAH', '1997-05-29', 'AHLI K3 KETINGGIAN ', 1, NULL, NULL, NULL),
(158, 'SYAEFUL HADI', '1995-03-11', 'AHLI K3 UMUM', 1, NULL, NULL, NULL),
(159, 'JIMMY AFRILIYAN ', '2002-04-22', 'FORKLIFT', 2, NULL, NULL, NULL),
(160, 'CANDRA TOBI', '2000-10-31', 'FORKLIFT', 2, NULL, NULL, NULL),
(161, 'ADE JUNIAWAN RAHMANA', '1985-06-14', 'AHLI K3 UMUM', 1, NULL, NULL, NULL),
(162, 'RAHMAD WAYUDI', '1985-11-07', 'WELDER', 3, NULL, NULL, NULL),
(163, 'M.SAMSUL.HAKIM', '1986-11-17', 'AHLI K3 KETINGGIAN ', 1, NULL, NULL, NULL),
(164, 'MUHAMMAD RAPTI', '1990-03-13', 'AHLI K3 KETINGGIAN ', 1, NULL, NULL, NULL),
(165, 'ASEP SAEPUDIN', '1978-09-30', 'AHLI K3 UMUM', 1, NULL, NULL, NULL),
(166, 'HAFIZZUL KAHFI', '1997-06-18', 'AHLI K3 KETINGGIAN ', 1, NULL, NULL, NULL),
(167, 'SUCIPTO ', '1979-11-14', 'AHLI K3 KETINGGIAN ', 1, NULL, NULL, NULL),
(168, 'HAMENGKU KAHANAN TANSAHLILO', '1997-01-05', 'AHLI K3 KETINGGIAN ', 1, NULL, NULL, NULL),
(169, 'MASGANA', '1981-03-05', 'AHLI K3 KETINGGIAN ', 1, NULL, NULL, NULL),
(170, 'JAUNGGA FERNANDO S M', '1989-01-07', 'AHLI K3 KETINGGIAN ', 1, NULL, NULL, NULL),
(171, 'DIWAN MAULANA', '1974-02-03', 'AHLI K3 KETINGGIAN ', 1, NULL, NULL, NULL),
(172, 'THUFAIL ZULDIENA RAMADHANI', '1999-12-09', 'AHLI K3 KETINGGIAN ', 1, NULL, NULL, NULL),
(173, 'HAFIZZUL KAHFI.', '1997-06-18', 'K3 UTAMA RUANG TERBATAS', 1, NULL, NULL, NULL),
(174, 'SUCIPTO .', '1979-11-14', 'K3 UTAMA RUANG TERBATAS', 1, NULL, NULL, NULL),
(175, 'MASGANA.', '1981-03-05', 'K3 UTAMA RUANG TERBATAS', 1, NULL, NULL, NULL),
(176, 'HAMENGKU KAHANAN TANSAHLILO.', '1997-01-05', 'K3 UTAMA RUANG TERBATAS', 1, NULL, NULL, NULL),
(177, 'AIDIL AKBAR', '1997-02-09', 'AHLI K3 UMUM', 1, NULL, NULL, NULL),
(178, 'RIAN DELON', '2004-08-03', 'Juru Ikat / Rigger', 2, NULL, NULL, NULL),
(179, 'ANGGA PURNAMA', '1984-04-01', 'AHLI K3 UMUM', 1, NULL, NULL, NULL),
(180, 'DAHLAN JAELANI', '1979-04-07', 'WELDER', 3, NULL, NULL, NULL),
(181, 'IKHSANUDIN', '1968-12-31', 'AHLI K3 LISTRIK', 1, NULL, NULL, NULL),
(182, 'WAHID', '1991-05-22', 'AHLI K3 UMUM', 1, NULL, NULL, NULL),
(183, 'I MADE AGUS MAHARDIKA,ST ', '1982-06-06', 'AHLI K3 UMUM', 1, NULL, NULL, NULL),
(184, 'ROMA DONNI TAMBUNAN', '1992-03-21', 'OPERATOR K3 PERANCAH / SCAFFOLDER', 1, NULL, NULL, NULL),
(185, 'AMRAH BUDIANSA,ST', '1985-06-20', 'AHLI K3 UMUM', 1, NULL, NULL, NULL),
(186, 'RAHMAT HIDAYAT', '1998-09-09', 'FORKLIFT', 2, NULL, NULL, NULL),
(187, 'CINDRA ZAHARA', '1995-09-20', 'AHLI K3 KETINGGIAN ', 1, NULL, NULL, NULL),
(188, 'WAHYUDI', '1994-05-25', 'FORKLIFT', 2, NULL, NULL, NULL),
(189, 'ANGGA ', '1995-03-24', 'FORKLIFT', 2, NULL, NULL, NULL),
(190, 'DIMAS BAYUAJI', '1980-09-18', 'AHLI K3 UMUM', 1, NULL, NULL, NULL),
(191, 'WAHAB ARRIE RACHMAN', '1992-05-09', 'AHLI K3 UMUM', 1, NULL, NULL, NULL),
(192, 'ENGKOS ', '1975-06-05', 'FORKLIFT', 2, NULL, NULL, NULL),
(193, 'RIJA KURNIAWAN', '1997-09-25', 'RIGGER', 2, NULL, NULL, NULL),
(194, 'MOCH. RAEZAL PAHLEVI SUKRI', '1998-03-19', 'AHLI K3 UMUM', 1, NULL, NULL, NULL),
(195, 'WAHYUDI ', '1997-09-18', 'AHLI K3 LISTRIK', 1, NULL, NULL, NULL),
(196, 'CHARLES ALEXANDER ', '2002-05-29', 'AHLI K3 UMUM', 1, NULL, NULL, NULL),
(197, 'LATIF', '1996-04-10', 'AHLI K3 UMUM', 1, NULL, NULL, NULL),
(198, 'ANGGA MOCHAMAD SUGIAR ', '1997-01-06', 'FORKLIFT', 2, NULL, NULL, NULL),
(199, 'ADE NINGRAT', '1992-03-20', 'Ahli K3 Umum', 1, NULL, NULL, NULL),
(200, 'NURJAMAN', '1997-08-06', 'Operator Forklift', 2, NULL, NULL, NULL),
(201, 'ANANG SISWANTO', '1986-12-29', 'Operator Excavator', 2, NULL, NULL, NULL),
(202, 'SARPIN', '2003-04-26', 'Operator Excavator', 2, NULL, NULL, NULL),
(203, 'TAUFIK, SE', '1989-04-03', 'Ahli K3 Umum', 1, NULL, NULL, NULL),
(204, 'ABDUL AZIZ', '2003-01-13', 'Operator Loader', 2, NULL, NULL, NULL),
(205, 'YULIANDA', '1988-10-14', 'Operator Forklift', 2, NULL, NULL, NULL),
(206, 'AJI MULYONO', '1986-08-10', 'Operator Forklift', 2, NULL, NULL, NULL),
(207, 'NIKO FRENDI ERNAWAN', '1996-03-06', 'Operator Forklift', 2, NULL, NULL, NULL),
(208, 'BAHARUDDIN', '1989-12-10', 'Ahli K3 Umum', 1, NULL, NULL, NULL),
(209, 'SYAIFUL ABADI', '1995-12-05', 'AHLI K3 LISTRIK', 1, NULL, NULL, NULL),
(210, 'PRITI AMELIA', '1997-02-20', 'AHLI K3 LISTRIK', 1, NULL, NULL, NULL),
(211, 'SAIFUDDIN,ST', '1980-03-17', 'AHLI K3 LISTRIK', 1, NULL, NULL, NULL),
(212, 'MUHAMMAD WAHYUDI', '1995-06-01', 'AHLI K3 LISTRIK', 1, NULL, NULL, NULL),
(213, 'JONNY GULTOM', '1968-08-06', 'Driver Vacuum Truck', 2, NULL, NULL, NULL),
(214, 'BOYKE HARISANDI HASIBUAN', '1998-07-10', 'Driver Dump Truck', 2, NULL, NULL, NULL),
(215, 'MUSTAR KALPIER SIMANJUNTAK', '1993-11-17', 'Driver Dump Truck', 2, NULL, NULL, NULL),
(216, 'MUHAMAD DWI ANGGARAH', '1999-06-21', 'Operator Forklift', 2, NULL, NULL, NULL),
(217, 'ASEP RONI JAENUDIN', '1979-11-30', 'Juru Las / Welder', 3, NULL, NULL, NULL),
(219, 'GIGIH NDARU ANGGER PRAMAYUGO', '1999-11-17', 'Operator Forklift', 2, NULL, NULL, NULL),
(220, 'ARI YULI AKBAR', '1997-07-08', 'Driver Tank Truck', 2, NULL, NULL, NULL),
(221, 'MIKY ADRIANSYAH', '1999-11-10', 'Ahli K3 Umum', 1, NULL, NULL, NULL),
(222, 'NUR ASMAWATI', '1998-06-29', 'Ahli K3 Umum', 1, NULL, NULL, NULL),
(223, 'WINARSOMO,ST ', '1965-05-14', 'AHLI K3 UMUM', 1, NULL, NULL, NULL),
(224, 'ABDULLAH ', '1986-12-12', 'WELDER', 3, NULL, NULL, NULL),
(225, 'RIZKY HIDAYATULLAH', '1995-01-13', 'GONDOLA', 2, NULL, NULL, NULL),
(226, 'EDY SUSANTO', '1979-07-11', 'RTGC ', 2, NULL, NULL, NULL),
(227, 'WAHYU CITRA ATMAJA ', '1993-11-04', 'OVERHEAD CRANE', 2, NULL, NULL, NULL),
(228, 'HADI RULLY RAVSANJANI', '2000-04-20', 'AHLI K3 UMUM', 1, NULL, NULL, NULL),
(229, 'SAMSON HAKIM SARAGI', '1997-09-01', 'Operator Truck Crane', 2, NULL, NULL, NULL),
(230, 'MULYONO', '1980-06-21', 'Operator Pedestal Crane', 2, NULL, NULL, NULL),
(231, 'SUTARNO', '1961-04-02', 'Operator Pedestal Crane', 2, NULL, NULL, NULL),
(233, 'POSMA SINAGA', '1988-04-03', 'Operator Backhoe Loader', 2, NULL, NULL, NULL),
(234, 'STEWARD LEOPOLD LUIS SOENTPIET', '1967-08-22', 'AHLI K3 UMUM', 1, NULL, NULL, NULL),
(235, 'ROLI YUNIANTO', '1977-06-22', 'AHLI K3 UMUM', 1, NULL, NULL, NULL),
(236, 'DEDE IRAWAN ', '1996-08-21', 'AHLI K3 UMUM', 1, NULL, NULL, NULL),
(237, 'HAYYUN SETIA BUDI', '1976-12-31', 'AHLI K3 UMUM', 1, NULL, NULL, NULL),
(238, 'ENGKI SAPUTRA ', '1966-09-09', 'AHLI K3 UMUM', 1, NULL, NULL, NULL),
(239, 'AGUS PRASETYA WIBOWO', '1990-12-31', 'AHLI K3 UMUM', 1, NULL, NULL, NULL),
(240, 'DEDE ENDRI PLAZA', '1996-11-25', 'FORKLIFT', 2, NULL, NULL, NULL),
(241, 'DADAN RUDIANSYAH', '1996-02-08', 'FORKLIFT', 2, NULL, NULL, NULL),
(242, 'GUSNADI', '1976-08-02', 'AHLI K3 UMUM', 1, NULL, NULL, NULL),
(243, 'MOCHAMAD ARIEF ZAKARIA', '1974-04-16', 'AHLI K3 UMUM', 1, NULL, NULL, NULL),
(244, 'HARIANTO TINDAON', '1978-11-23', 'Teknisi Crane', 2, NULL, NULL, NULL),
(245, 'SINGAL RIMBUN PAKPAHAN', '1974-01-25', 'Teknisi Crane', 2, NULL, NULL, NULL),
(246, 'MARSAHATA PASARIBU', '1974-09-06', 'Teknisi Crane', 2, NULL, NULL, NULL),
(247, 'JUNIPER TAMBUNAN', '1970-03-01', 'Teknisi Crane', 2, NULL, NULL, NULL),
(248, 'YANUAR CHRISTIAN', '1988-01-22', 'Teknisi Crane', 2, NULL, NULL, NULL),
(249, 'EFENDI GULTOM', '1971-04-25', 'Driver Prime Mover Truck', 2, NULL, NULL, NULL),
(250, 'JASMEN PURBA', '1968-07-29', 'Operator Bulldozer', 2, NULL, NULL, NULL),
(251, 'RIKI HARDANI', '1995-02-05', 'Operator Excavator', 2, NULL, NULL, NULL),
(252, 'SIGIT ANDRIANTO', '1989-09-25', 'Ahli K3 Umum', 1, NULL, NULL, NULL),
(253, 'RIZKY TORANG SURYA SIAGIAN', '1993-07-04', 'Ahli Madya K3 Konstruksi', 1, NULL, NULL, NULL),
(254, 'NANDA FATHUR ROZAQ AHMAD, ST', '1995-07-17', 'Ahli Madya K3 Konstruksi', 1, NULL, NULL, NULL),
(255, 'IKHSAN BUDI PRASETYO', '1991-09-12', 'Ahli Madya K3 Konstruksi', 1, NULL, NULL, NULL),
(256, 'ATANG ATMAJA', '1995-06-22', 'FORKLIFT', 2, NULL, NULL, NULL),
(257, 'JANUDI', '1989-02-12', 'Ahli K3 Umum', 1, NULL, NULL, NULL),
(258, 'WARSITO', '1977-04-06', 'Operator Excavator', 2, NULL, NULL, NULL),
(259, 'NURHAYATI', '1979-07-21', 'Ahli K3 Bidang Listrik', 1, NULL, NULL, NULL),
(263, 'SUYANTO', '1977-08-03', 'AHLI K3 UMUM', 1, '863465910044000', 'PT VISIO ANDALAN TEKNOLOGI', 'RUKAN MANGGA DUA SQUARE BLOK G NO 32-33  .  PADEMANGAN  JAKARTA UTARA'),
(275, 'PAINEN SIHOTANG', '1973-09-03', 'Juru Ikat / Rigger', 2, '-', '-', '-'),
(277, 'ASEP PERMANA PUTRA ', '1993-10-07', 'Forklift', 2, '-', '-', '-'),
(278, 'MUSFARDHI', '1979-09-23', 'Driver Tank Truck', 2, '-', '-', '-'),
(279, 'ALFIAN ROZIA YAHYA', '1996-04-28', 'Driver Water Tank Truck', 2, '-', 'PT. PDC', 'Jl. Palas Pastoran -Pekanbaru Riau'),
(281, 'ANDRINI MAHAR PYRANTHI', '1993-09-04', 'Ahli Madya K3 Konstruksi', 1, '-', 'PT. TESLA DAYA ELEKTRIKA', 'Jl. Matrapersada No. 4A Kel. Pasirkaliki, Kec. Cimahi Utara, Kota Cimahi, Jawa Barat'),
(282, 'RENALDI LAETARE', '2001-03-24', 'Operator Excavator', 2, '-', '-', '-'),
(283, 'ESU AIMI', '1980-08-30', 'Ahli K3 Listrik', 1, '14.551.389.1-331.001', 'PT. Sinar Dunia Abadi', 'Jln. Prabu Siliwangi, No. 41 RT. 21 Kel. Tanjung Sari Kec. Jambi Timur Kota Jambi'),
(284, 'SURYA', '1974-12-29', 'Ahli K3 Listrik', 1, '14.551.389.1-331.000', 'PT. Dunia Jaya Elektro', 'Jln. Sisingamangaraja No. 05 Jambi'),
(285, 'IRDAH', '1996-09-24', 'Ahli K3 Umum', 1, '-', 'Personal', 'Pokko RT. 000 RW. 000, Kel. Anreapi, Kec. Anreapi, Kab. Polewari Mandar, Prov. Sulawesi Barat'),
(286, 'AKBAR', '1994-03-11', 'Ahli K3 Umum', 1, '-', 'Personal', 'Keurea RT. 000 RW. 000, Kel. Keurea, Kec. Bahodopi, Kab. Morowali, Prov. Sulawesi Tengah'),
(287, 'JANSEN NAPITUPULU', '1975-04-05', 'Driver Tank Truck', 2, '-', '-', '-'),
(288, 'NUR FIKIANTO', '2000-11-15', 'Teknisi Crane', 2, '-', 'PT. Grogol Sarana Trans Jaya', 'Jl. Raya Cakung Cilincing Km. 3 No. 9 Babek Jakarta Utara - Indonesia'),
(289, 'ANDI SAPUTRA', '1996-04-24', 'Driver Dump Truck', 2, '-', 'PT. Adhi Karya', '-'),
(290, 'YON EKO SAPUTRO, ST., MT.', '1983-08-20', 'Ahli K3 Umum', 1, '-', 'CV. Kuarsa Teknik', 'Perum. Nuansa Asri Pesona Blok A No. 10 Tabanan Bali'),
(291, 'IWAN, A. Md', '1991-03-15', 'Ahli K3 Listrik', 1, '-', 'PT. RUMPUN UTAMA SAMBAS', 'JL. Panji Anom No. 24 D Desa Pasar Melayu, Kec. Sambas Kab. Sambas, Kalimantan Barat'),
(292, 'BUDIANSYAH, ST', '1979-05-21', 'Ahli K3 Listrik', 1, '-', 'CV. FATHIR WILDAN', 'Jl. Jembatan Kayu, Desa Durian, Kec. Sambas, Kab. Sambas, Prov. Kalimantan Barat'),
(293, 'CECEP HERMAN', '1996-09-07', 'Ahli K3 Ketinggian TKPK Tingkat 2', 1, '-', 'PT. TESLA DAYA ELEKTRIKA', 'Jl. Matrapersada No. 4A Kel. Pasirkaliki, Kec. Cimahi Utara, Kota Cimahi, Jawa Barat'),
(294, 'MULYADI', '1997-12-24', 'Ahli K3 Ketinggian TKPK Tingkat 1', 1, '-', 'PT. TESLA DAYA ELEKTRIKA', 'Jl. Matrapersada No. 4A Kel. Pasirkaliki, Kec. Cimahi Utara, Kota Cimahi, Jawa Barat'),
(295, 'KRESWANTO SIHOMBING', '1994-09-04', 'Driver Dump Truck', 2, '-', '-', '-'),
(296, 'PAJAR PUTRA', '1992-04-10', 'Operator Excavator', 2, '-', '-', '-'),
(297, 'DEDI DARMAWAN', '1983-01-06', 'Operator Bulldozer', 2, '-', '-', '-'),
(298, 'SUGIARNO', '1975-11-16', 'Operator Bulldozer', 2, '-', '-', '-'),
(299, 'HERIONO', '1969-09-12', 'Operator Bulldozer', 2, '-', '-', '-'),
(300, 'TIAR SIANIPAR', '1978-11-21', 'Juru Ikat / Rigger', 2, '-', '-', '-'),
(301, 'SUDARMAWAN', '1981-04-16', 'Operator Excavator', 2, '-', '-', '-'),
(302, 'LIONO SIRAIT', '1977-01-17', 'Driver Prime Mover Truck', 2, '-', '-', '-'),
(303, 'NURFAN', '1972-04-14', 'Operator Truck Mounted Crane', 2, '43.365.476.1-417.000', 'PT. Zahra Sabilla', 'Jln. Raya Anyer KM. 06 Kp. Penauan Kelurahan Kubangsari Kecamatan Ciwandan Kota Cilegon Provinsi Banten'),
(304, 'TOTO ISWANTO', '1974-10-07', 'Operator Unic Crane', 2, '43.385.051.8-417.000', 'PT. Zahra Sabilla', 'Jln. Raya Anyer KM. 06 Kp. Penauan Kelurahan Kubangsari Kecamatan Ciwandan Kota Cilegon Provinsi Banten'),
(305, 'TAUFIK HIDAYAT,ST', '1981-05-28', 'K3 KETINGGIAN ', 1, '-', 'PT. TARANKA PRIMA KARYA', 'Taman tekno2 Boulevard Blok D1 BSD CITY . Tangerang Selatan - Banten'),
(306, 'JEFFRAN OKINAWA. P. SIMANJUNTAK', '1999-11-09', 'Operator Bulldozer', 2, '-', '-', '-'),
(307, 'NIKSON MANIK', '1972-06-26', 'Driver Prime Mover Truck', 2, '-', '-', '-'),
(308, 'FREDI ANDESTA SIRAIT', '1997-10-01', 'Juru Las / Welder', 3, '-', 'Personal', 'Jl. Karang Anyar 2 RT. 006 RW. 011, Kel. Air Jamban, Kec. Mandau, Kab. Bengkalis, Prov. Riau'),
(309, 'YEYEP YEPIYATNA', '1989-02-22', 'Operator Forklift', 2, '-', '-', '-'),
(310, 'ANGGIAT TOBING', '1971-11-25', 'Operator Bulldozer', 2, '-', '-', '-'),
(311, 'FAJAR ARI SETYAWAN', '1986-11-20', 'Ahli Muda K3 Konstruksi', 1, '-', 'PT. Wartsila Indonesia', 'Pergudangan Cardig, Halim, RT. 1 RW. 9, Halim Perdana Kusumah, Makasar, East Jakarta City, Jakarta 13610'),
(312, 'ANDREAS HERMAWAN YS', '1992-05-01', 'GONDOLA', 2, '-', 'PT. DWI PRAKASATAMA JAYA', 'Surabaya '),
(313, 'RUDI ARIYANTO ', '1989-09-08', 'GONDOLA', 2, '-', 'PT. DWI PRAKASATAMA JAYA', 'Surabaya '),
(314, 'NURUL SHOLIHIN ', '2000-09-04', 'GONDOLA', 2, '-', 'PT. DWI PRAKASATAMA JAYA', 'Surabaya '),
(315, 'M ZAINI ', '1999-08-31', 'GONDOLA', 2, '-', 'PT. DWI PRAKASATAMA JAYA', 'Surabaya '),
(316, 'MUHAMMAD SLAMET', '1998-02-26', 'Forklift', 2, '-', '-', '-'),
(317, 'DIO HARDIKA PUTRA ', '1985-12-14', 'AHLI K3 UMUM', 1, '-', 'CV. PUTRA MATARAM MANDIRI ', 'Jl. Betutu, Perum Taman jagung Residence 4 Blok A 15 RT. 003 / RW. 001 Kel. Selindung Baru, Kec . Gadek, Pangkalpinang 33117'),
(319, 'MUHAMMAD ANDIH AL A LA', '1986-12-06', 'AHLI K3 UMUM', 1, '-', 'PT. CATURDAYA GEMA INDUSTRI', 'Jl. Tebet mas indah IV blok f/31 Jakarta 12810'),
(320, 'ISKANDARSYAH ', '1999-01-26', 'Operator Overhead Crane ', 2, '-', '-', '-'),
(321, 'AHMAD MUTALIF HERNUN ', '2001-10-19', 'TENAGA KERJA BANGUNAN TINGGI (TKBT) 2  ', 1, '-', 'PT . NIAGA ARTHA CHEMCONS', 'Jl. Kesehatan No. 2 RT . 005 RW . 028 Pengasinan Kec. Rawalumbu Kota Bekasi, Jawa Barat 17115'),
(322, 'HENDRIK ', '1991-08-29', 'TENAGA KERJA BANGUNAN TINGGI (TKBT) 2  ', 1, '-', 'PT . NIAGA ARTHA CHEMCONS', 'Jl. Kesehatan No. 2 RT . 005 RW . 028 Pengasinan Kec. Rawalumbu Kota Bekasi, Jawa Barat 17115'),
(323, 'ELAN JAELANI ', '1986-12-08', 'TENAGA KERJA BANGUNAN TINGGI (TKBT) 2  ', 1, '-', 'PT . NIAGA ARTHA CHEMCONS', 'Jl. Kesehatan No. 2 RT . 005 RW . 028 Pengasinan Kec. Rawalumbu Kota Bekasi, Jawa Barat 17115'),
(324, 'AGUS SYAMSUL FAOZI', '2000-08-03', 'Operator Forklift', 2, '-', '-', '-'),
(325, 'HAWAWI', '1991-03-01', 'Ahli K3 Spesialis Bidang Listrik', 1, '-', 'PT. Prima Konstruksi Utama', 'Komplek Taman Krakatau Blok E 16 No. 1 Waringin Kurung 42161, Cilegon'),
(326, 'RENDI KURNIAWAN PRIATNA', '2000-01-23', 'Operator Forklift', 2, '-', '-', '-'),
(327, 'MUHAMAD HABIBI', '1997-04-25', 'Operator Forklift', 2, '-', '-', '-'),
(328, 'JUMSA', '1995-07-01', 'Operator Forklift', 2, '-', '-', '-'),
(329, 'APIP RAPIYUDIN', '1993-10-20', 'Operator Forklift', 2, '-', '-', '-'),
(330, 'IRFAN KURNIAWAN', '1994-07-25', 'Operator Forklift', 2, '-', '-', '-'),
(331, 'MAULANA FATURAHMAN', '2001-07-19', 'Operator Forklift', 2, '-', '-', '-'),
(332, 'KAHARUDDIN', '2002-12-04', 'Operator Excavator', 2, '-', '-', '-'),
(333, 'ABDUL ANAS NASUTION, S.Pd.', '1997-11-11', 'AHLI K3 UMUM', 1, '-', 'PT . MUTIARA MULTI ELEKTRICAL ', 'Dusun Melayu Tumpatan, Kan Deli Serdang '),
(334, 'RIAN WAHYUDI ', '1990-01-16', 'GONDOLA', 2, '-', '-', '-'),
(335, 'REZA JANUARDI', '1990-05-03', 'VIBRO ROLLER', 2, '-', '-', '-'),
(336, 'BAYU ANGGORO', '1987-02-16', 'Excavator', 2, '-', '-', '-'),
(337, 'YULIANA DAHMAN', '2000-07-19', 'Operator Hoist Crane', 2, '-', '-', '-'),
(338, 'GANJAR OHARELA', '1992-03-11', 'Petugas K3 Utama Ruang  Terbatas', 1, '-', 'PT. JANATRA MULKI ABADI', 'Jl. Brigif No. 39 RT. 001 RW. 001 Kel. Cipedak Kec. Jagakarsa Jakarta Selatan'),
(339, 'HEGAR', '1996-05-26', 'Ahli K3 Umum', 1, '-', 'PT. JANATRA MULKI ABADI', 'Jl. Brigif No. 39 RT. 001 RW. 001 Kel. Cipedak Kec. Jagakarsa Jakarta Selatan'),
(340, 'FIRMANSYAH', '2000-05-15', 'Operator Wheel Loader', 2, '-', '-', '-'),
(341, 'SUROSO TARIGAN', '1963-05-13', 'Operator Forklift', 2, '-', 'PT. DUTA AYU NUGRAHA', '-'),
(342, 'MUHAMMAD KIKI ANDRIE', '1999-07-14', 'Operator Forklift', 2, '-', 'PT. DUTA AYU NUGRAHA', '-'),
(343, 'MUJI SYUKUR ', '1994-10-02', 'AHLI K3 UMUM', 1, '-', 'PT . KAWAN ABADI SELARAS', 'Green Lake City Rukan CBD Blok H No. 20 Cipondoh - Tangerang 15146 Indonesia'),
(344, 'MULYADI', '1996-05-03', 'Operator K3 Perancah / Scaffolder', 1, '-', 'Personal', 'Jl. Karya Bakti Babusalam, RT. 003 RW. 010, Kel. Air Jamban, Kec. Mandau, Kab. Bengkalis, Prov. Riau'),
(345, 'REZEKI SIREGAR', '2001-03-03', 'Operator Mobile Crane', 2, '-', '-', '-'),
(346, 'ANDRE GUNAWAN', '2003-05-21', 'Operator Excavator', 2, '-', '-', '-'),
(347, 'SARIFUDIN', '1983-12-08', 'PASSENGGER HOIST ', 2, '-', '-', '-'),
(348, 'HERMAN ALHADAD ', '1982-02-04', 'FORKLIFT', 2, '-', '-', '-'),
(349, 'SUTISNA ', '1977-09-09', 'Pedestal Crane ', 2, '-', '-', '-'),
(350, 'IKHLAS ADRIANSYAH ', '1973-12-21', 'PETUGAS PERAN KEBAKARAN ', 1, '-', 'PT. ELANG CAKRA SECURINDO', 'Jl. Lebak Bulus Raya No. 7a RW . 2 Lb Bulus, Kec. Cilandak Kota Jakarta Selatan. Daerah Khusus Ibu Kota Jakarta 12440'),
(351, 'MUCHAMAT SOCHIB', '1990-01-15', 'AHLI K3 UMUM', 1, '-', 'PT. PESONA MITRATAMA INDONESIA ', 'Jl. Raya Paspostel No. 111 Jati Asih Bekasi.'),
(352, 'ARIYANTO ', '1985-07-05', 'PETUGAS PERTOLONGAN PERTAMA PADA KECELAKAAN DI TEMPAT KERJA', 1, '-', 'PT. ELANG CAKRA SECURINDO', 'Jl. Lebak Bulus Raya No. 7a RW . 2 Lb Bulus, Kec. Cilandak Kota Jakarta Selatan. Daerah Khusus Ibu Kota Jakarta 12440'),
(353, 'ALVIAN ', '1988-02-09', 'PETUGAS K3 KONTRUKSI ', 1, '63.006.473.1-831.000', 'CV. PROJECT INTI SULAWESI ', 'Batavia Blok C No. 04 RT. 002 RW. 003 Birobuli Utara, Utara Palu Selatan Kota Palu Sulawesi Tengah '),
(354, 'PRASETYA ADI WIBOWO', '1979-05-05', 'AHLI K3 UMUM', 1, '-', 'PT. RAJA VOLTAMA ELECTRIC', 'Jalan Prof. HM Yamin SH No. 44-A Medan'),
(355, 'SUNGGUL YAMJES SIRAIT', '1982-01-18', 'Operator Prime Mover Truck', 2, '-', '-', '-'),
(356, 'RIYANTO SIMAMORA ', '1975-05-06', 'Operator Truck Mobile Crane ', 2, '-', '-', '-'),
(357, 'JAMALLUDIN BASRI', '1999-11-29', 'Forklift', 2, '-', '-', '-'),
(358, 'ANDI FITRI FIRMANSYAH ', '1979-11-19', 'Compact Skid Steer Loader ', 2, '-', '-', '-'),
(359, 'UJANG NURYALIH ', '1998-12-30', 'Compact Skid Steer Loader ', 2, '-', '-', '-'),
(360, 'BAHTIAR', '1996-09-10', 'Operator Excavator', 2, '-', '-', '-'),
(361, 'ARDI MAULANA ROCHMAN', '1997-07-16', 'Operator Forklift', 2, '-', '-', '-'),
(362, 'SURIADI', '1969-12-30', 'Operator Mobile Crane', 2, '-', '-', '-'),
(363, 'IMAM SAEBANI ', '1983-11-20', 'Operator Forklift ', 2, '-', '-', '-'),
(364, 'tes', '2022-09-28', 'tes1', 1, 'tes3', 'tesss', 'tesss'),
(365, 'CHAERULROHMAN', '1998-12-20', 'Operator Forklift', 2, '-', '-', '-'),
(366, 'RIZKI YULIANTO', '1996-07-17', 'Operator Forklift', 2, '-', '-', '-'),
(367, 'YAYAN FERDIANSYAH', '1993-03-16', 'Operator Forklift', 2, '-', '-', '-'),
(368, 'ILHAMUDIN', '1986-12-25', 'Operator Forklift', 2, '-', '-', '-'),
(369, 'INDRA LESMANA', '1988-06-25', 'Operator Forklift', 2, '-', '-', '-'),
(370, 'ALDI', '1997-09-10', 'Operator Mobile Crane', 2, '-', '-', '-'),
(371, 'ACHMAD JAUHARI YANGCIK', '1996-03-05', 'AHLI K3 UMUM', 1, '95.069.429.9307.000', 'PT. LEMBAYUNG KARLIN MANDIRI', 'Jl. Kolonel M. Nuh Lembayung RT 07A RW 003 Kelurahan Bandar Agung Kec. Lahat Kab. Lahat'),
(372, 'SOFIA, S.T.', '1961-03-16', 'AHLI K3 UMUM', 1, '-', 'PT . BUMI RAYA ', 'JL. RIAU GG. GELIGA NO. 9 -F, RT/RW 001/005, Desa Padang Terubuk , Kec. Senapelan Kota Pekanbaru Riau 28155'),
(373, 'FEBY ARIES DARMAWAN ', '1995-02-03', 'TEKNISI LISTRIK ', 1, '66.865.057.5-421.000', 'PT. GEMILANG MANDIRI MEKATRONIK', 'Perum Graha Mustika Media Blok B2/7 RT. 08 RW. 09 Lubangbuaya Setu '),
(374, 'MI AN', '1994-02-02', 'Operator Forklift', 2, '-', '-', '-'),
(375, 'ALEX CANDRA TAMBUNAN', '1999-08-28', 'Operator Forklift', 2, '-', '-', '-'),
(376, 'AKHMAD MIZAN ', '2000-01-13', 'Operator Forklift ', 2, '91.549.839.8-502.000', '-', '-'),
(377, 'AHMAD JULISDAR,ST', '1970-07-25', 'AHLI K3 LISTRIK', 1, '-', 'PT. TREE MITRA ENGINEERING ', 'Jl. Pemuda No.08 Kel. Pematang Kandis - Bangko, Kab. Merangin, Jambi'),
(378, 'HASAN BISRI', '1994-05-14', 'TENAGA KERJA BANGUNAN TINGGI (TKBT) 2  ', 1, '-', 'PT . NIAGA ARTHA CHEMCONS', 'Jl. Kesehatan No. 2 RT . 005 RW . 028 Pengasinan Kec. Rawalumbu Kota Bekasi, Jawa Barat 17115'),
(379, 'GUNAWAN ', '1995-11-18', 'TENAGA KERJA BANGUNAN TINGGI (TKBT) 2  ', 1, '-', 'PT . NIAGA ARTHA CHEMCONS', 'Jl. Kesehatan No. 2 RT . 005 RW . 028 Pengasinan Kec. Rawalumbu Kota Bekasi, Jawa Barat 17115'),
(380, 'MUHAMMAD ARIEF SUARNA', '1997-04-25', 'Operator Forklift', 2, '-', '-', '-'),
(381, 'M. HASAHATAN SILITONGA', '1972-04-05', 'Operator Bulldozer', 2, '-', '-', '-'),
(382, 'M. HASAHATAN SILITONGA', '1972-04-05', 'Operator Bulldozer', 2, '-', '-', '-'),
(383, 'ANGGA EFRAIMTA GINTING', '1991-06-08', 'Ahli K3 Spesialis Bidang Listrik', 1, '76.058.847.5-121.000', 'PT. Gelora Bintang Utama', 'Jl. Jend. Sudirman Km 06 No. 09, Kel. Sungai Mengkuang, Kec. Rimbo Tengah, Kab. Bungo, JAMBI'),
(384, 'ADHI SABARA', '1981-05-12', 'Operator Forklift', 2, '-', '-', '-'),
(385, 'UJANG BAY', '1989-06-13', 'Operator Forklift', 2, '-', '-', '-'),
(386, 'MUHAMMAD ALDI PURNAMA', '2003-07-17', 'Operator Excavator', 2, '-', '-', '-'),
(387, 'RAMLI', '1989-07-26', 'Ahli K3 Spesialis Bidang Listrik', 1, '66.367.041.2-331.000', 'PT. GEMILANG REZKY UTAMA', 'Jl. Kebun Kolim RT. 01 Desa Tangkit Kecamatan Sungai Gelam Kabupaten Muaro Jambi'),
(388, 'RIFKI APRIYAN', '1998-04-09', 'Operator Forklift', 2, '95.954.351.3-085.000', 'PT. United Can Company Ltd.', 'Jl. Raya Daan Mogot No.KM. 17 9 2, RT.9/RW.2, Semanan, Kec. Kalideres, Kota Jakarta Barat, Daerah Khusus Ibukota Jakarta 11850'),
(389, 'Ir. NOOR LATIEF', '1964-05-08', 'AHLI K3 LISTRIK', 1, '-', 'PT . DIELECTRIC INTI DAYA', 'Jl. Tanah Abang I No. 11-F Petojo Selatan Gambir, Jakarta Pusat DKI Jakarta '),
(390, 'RAHMAT SUPRIADI', '1974-07-07', 'Ahli K3 Spesialis Bidang Listrik', 1, '46.226.469.8-331.000', 'PT. LAFAN TRI PERDANA', 'Jl. 25 Poros RT. 04 RW. 07, Perintis, Kec. Rimbo Bujang, Kab. Tebo - Jambi'),
(391, 'FATHUR KHORIF', '1993-07-11', 'Operator Head Truck', 2, '-', '-', '-'),
(392, 'ENDI DEDY SULISTIAWAN', '1993-03-30', 'Operator Head Truck', 2, '-', '-', '-'),
(393, 'MASDUKI', '1986-09-02', 'Operator Wheel Loader', 2, '-', '-', '-'),
(394, 'MUHAMMAD FAWAZ AROFIK', '2002-06-20', 'AHLI K3 UMUM', 1, '-', 'PT . NUR CAHAYA LIMO', 'Ruko Podomoro golf View, jl Muhamad Tohir No.72 Bojong Nangka kec. Gn.putri kab. Bogor Jawa Barat '),
(395, 'MUHAMMAD ROMI', '1987-07-12', 'Operator Forklift', 2, '-', '-', '-'),
(396, 'RAMA PERMANA', '1999-03-11', 'Operator Forklift', 2, '-', '-', '-'),
(397, 'TANWIRUL HIKAM', '1999-02-20', 'AHLI K3 UMUM', 1, '-', '-', '-'),
(398, 'IRWANSYAH', '1995-01-12', 'Juru Las / Welder', 3, '-', '-', '-'),
(399, 'BENYAMIN', '1990-07-15', 'Operator Excavator', 2, '-', '-', '-'),
(400, 'SIGIT SUSANTO, ST.', '1980-10-27', 'AHLI K3 SPESIALIS BIDANG LISTRIK ', 1, '-', 'PT . DHINAR CAHAYA TEKNIK SEJAHTERA ', 'Jl. Delima RT. 051, Sidodadi Samarinda Ulu Samarinda Kaltim, 75123'),
(401, 'ARYO YUDHO EFENDI', '1991-09-12', 'Operator Head Truck', 2, '-', '-', '-'),
(402, 'KURNIA ENDANG HIDAYAT ', '1976-05-30', 'PETUGAS PERAN KEBAKARAN (A)', 1, '-', 'PT . MITRA KERJA GEMILANG ', 'Komplek Ruko Perumnas Bumi telukjambe Jl. Pandu Blok J No. 420 Desa Sukaluyu Kec. Telukjambe Timur  Karawang 41361'),
(403, 'JAMINAS CANDRA ', '1999-02-06', 'PETUGAS PERAN KEBAKARAN (A)', 1, '-', 'PT . MITRA KERJA GEMILANG ', 'Komplek Ruko Perumnas Bumi telukjambe Jl. Pandu Blok J No. 420 Desa Sukaluyu Kec. Telukjambe Timur  Karawang 41361'),
(404, 'ALFIAN  YOGA WIBOWO', '1997-03-16', 'Forklift', 2, '-', '-', '-'),
(405, 'SEPTIAN EKA NURGRAHA', '1993-09-07', 'AHLI K3 UMUM', 1, '90.536.509.4-427.000', '-', '-'),
(406, 'RINTO SIANIPAR', '1983-04-21', 'AHLI K3 LISTRIK', 1, '-', 'PT . MUTIARA MULTI ELEKTRICAL ', 'Dusun Melayu Tumpatan, Kan Deli Serdang '),
(407, 'MARGI HARJO', '1974-03-13', 'TENAGA KERJA BANGUNAN TINGGI (TKBT) 2  ', 1, '-', 'PT . GENISAN TEKNIK INDONESIA ', 'Jalan Kapitan Raya No. 36 - Sukatani - Tapos, Depok 16461 - Jawa Barat '),
(408, 'RAYNO AMINUDIN ', '1998-11-16', 'TEKNIK K3 PERANCAH SCAFFOLDER', 1, '-', 'PT . GENISAN TEKNIK INDONESIA ', 'Jalan Kapitan Raya No. 36 - Sukatani - Tapos, Depok 16461 - Jawa Barat '),
(409, 'PRIYA YUNANTO', '1996-12-04', 'Operator Forklift', 2, '-', '-', '-'),
(410, 'RISWANDA', '2003-01-22', 'Operator Excavator', 2, '-', '-', '-'),
(411, 'INDAH SARI ', '1995-09-12', 'AHLI K3 UMUM', 1, '-', 'PT. CATUR DAYA GEMA INDUSTRI ', 'Jl. Tebet Mas indah IV Blok F / 31, Jakarta 12810'),
(412, 'DAKAL URJUNI', '1998-06-15', 'Operator Forklift', 2, '-', '-', '-'),
(413, 'SIGIT BUDIARTO, SE.', '1965-03-25', 'AHLI K3 UMUM', 1, '02.875.238.4-021.000', 'PT . SARANA INFORMASI PRIMA', 'Gedung Cyber 1 Lt. 6 Jl. Kuningan Barat Raya No.8, RT. 1/ RW 3, Kuningan Bar, Kec. Mampang Prpt. Kota Jakarta Selatan, Daerah Khusus Ibu Kota Jakarta 12710'),
(414, 'AGUS MUSLIM', '1997-01-06', 'Operator Mobile Crane ', 2, '-', '-', '-'),
(415, 'HANIF FADLILLAH', '1997-11-12', 'Ahli K3 Umum', 1, '-', 'Personal', 'Kompleks AD. GN. Tehnik No. 11, RT. 006 RW. 000, Kel. Prapatan, Kec. Balikpapan Kota, Kota Balikpapan, Prov. Kalimantan Timur'),
(416, 'ADIMAN', '1992-11-26', 'Operator Forklift', 2, '-', '-', '-'),
(417, 'EZA', '1977-05-21', 'Operator Prime Mover Truck', 2, '-', '-', '-'),
(418, 'SUPRIYANTO', '1999-11-25', 'Operator Excavator', 2, '-', '-', '-'),
(419, 'MOHAMAD KAHFI', '1968-05-08', 'Ahli K3 Umum', 1, '69.524.948.2-016.000', 'PT. CIPTA KARYA KONSULTINDO', 'Gedung Is Plaza Lt. 8 Ruang 801, Jl. Pramuka Raya Kav. 150, Kel. Utan Kayu Utara, Kec. Matraman, Kota Adm. Jakarta Timur, Prov. DKI Jakarta 13120'),
(420, 'RIO ANDI SUHANDI', '1996-12-24', 'Ahli K3 Umum', 1, '60.853.597.7-321.000', 'CV. METRO SUKSES BERKARYA', 'Gedung Is Plaza Lt. 8 Rg. 801, Jl. Pramuka Raya Kav. 150, Kel. Utan Kayu Utara, Kec. Matraman, Kota Adm. Jakarta Timur, Prov. DKI Jakarta 13120'),
(421, 'HERIYANTO ', '1993-09-30', 'Operator forklift ', 2, '61.429.613.5-326.000', '-', '-'),
(422, 'AHMAD RIDWAN ARIPIN', '1990-07-23', 'Operator Genset', 2, '54.777.080.0-435.000', '-', '-'),
(423, 'AHMAD RIDWAN ARIPIN', '1990-07-23', 'Operator Genset', 2, '54.777.080.0-435.000', '-', '-'),
(424, 'MUHAMAD YASIN BAHTIAR', '1994-11-11', 'Operator Forklift', 2, '-', '-', '-'),
(425, 'MUHAMAD YASIN BAHTIAR', '1994-11-11', 'Operator Forklift', 2, '-', '-', '-'),
(426, 'MEI HARLAN', '1994-05-17', 'Operator Forklift', 2, '-', 'PT. Duta Ayu Nugraha', '-'),
(427, 'MUHAMAD AKBAR ', '1975-02-23', 'Operator gondola ', 2, '77.288.704.8-061.000', 'PT . ARFA TUNAS MAKMUR ', 'Ruko Duren Sawit Center No. 8-S Jl. Duren Sawit Raya Klender Duren Sakit Jakarta Timur '),
(428, 'IRWAN SAPUTRA ', '1982-08-05', 'Operator gondola ', 2, '85.197.129.1-003.000', 'PT . ARFA TUNAS MAKMUR ', 'Ruko Duren Sawit Center No. 8-S Jl. Duren Sawit Raya Klender Duren Sakit Jakarta Timur '),
(429, 'IWAN SETIAWAN ', '1980-01-09', 'Operator gondola ', 2, '74. 200.649.7-427.000', 'PT . ARFA TUNAS MAKMUR ', 'Ruko Duren Sawit Center No. 8-S Jl. Duren Sawit Raya Klender Duren Sakit Jakarta Timur '),
(430, 'MUHAMMAD IRVAN ', '1989-10-27', 'Operator gondola ', 2, '87.849.821.1-004.000', 'PT . ARFA TUNAS MAKMUR ', 'Ruko Duren Sawit Center No. 8-S Jl. Duren Sawit Raya Klender Duren Sakit Jakarta Timur '),
(431, 'REZZA ADITIA', '1985-02-08', 'Operator gondola ', 2, '90.808.175.5-002.000', 'PT . ARFA TUNAS MAKMUR ', 'Ruko Duren Sawit Center No. 8-S Jl. Duren Sawit Raya Klender Duren Sakit Jakarta Timur '),
(432, 'TANTO DWI RACHMADI', '1999-01-16', 'Operator gondola ', 2, '94.883.333.0-008.000', 'PT . ARFA TUNAS MAKMUR ', 'Ruko Duren Sawit Center No. 8-S Jl. Duren Sawit Raya Klender Duren Sakit Jakarta Timur '),
(433, 'JULIANTO ', '1980-07-06', 'AHLI K3 UMUM', 1, '76.318.966.9-403.000', 'PT . ARFA TUNAS MAKMUR ', 'Ruko Duren Sawit Center No. 8-S Jl. Duren Sawit Raya Klender Duren Sakit Jakarta Timur '),
(434, 'FANNY PRINA ', '1981-02-11', 'AHLI K3 UMUM', 1, '26.035.629.0-445.000', 'CV . UTAMA NIAGA ', 'Jalan Dr. Susilo No. 8 PasirKaliki - Cicendo Bandung Jawa Barat '),
(435, 'LILIAN ALIMMARGONO, S.E. ', '1971-04-26', 'AHLI K3 UMUM', 1, '36.519.516.3-428.000', 'CV . UTAMA RAYA ', 'Jalan Dr. Susilo No. 8 PasirKaliki - Cicendo Bandung Jawa Barat '),
(436, 'VALENTINO HARSEVIN TUMEWU, ST. ', '1984-09-29', 'AHLI K3 LISTRIK', 1, '60. 209. 586. 1-821.000', 'PT . GLORIANA ROSANNE ABADI ', 'Jln . Manguni No . 31 Link. 3 Kelurahan Winangun 1 Kecamatan Malalayang, Manado, Sulawesi Utara '),
(437, 'SANEN', '1973-11-13', 'TEKNISI LISTRIK ', 1, '-', 'PT . TING TAI KONTRUKSI INDONESIA ', 'Jl. Yos Sudarso No. 88 Gedung Graha Kirana Ruang 1003, Sunter Agung, Tanjung Priok, Jakarta Utara 14350'),
(438, 'HUDI SATRIO JUNAIDI', '1992-09-12', 'Petugas Peran Kebakaran', 1, '-', 'PT. TRIJAYA TEKNIK GROUP', 'Jl. Akasia Raya No. 14, Perumahan Bumi Arumsari, Ds. Cirebon Girang, Kec. Talun, Kab. Cirebon'),
(439, 'RUDI RESTU AJI', '1999-04-21', 'Operator Forklift', 2, '-', '-', '-'),
(440, 'GALANG JUAN PRABOWO', '2002-01-24', 'Operator Forklift', 2, '-', '-', '-'),
(441, 'ANTON ANGGI SASENO', '2000-08-01', 'Operator Forklift', 2, '-', '-', '-'),
(442, 'MHD TEGUH NASUTION ', '1989-12-30', 'Operator Reach Stacker ', 2, '-', 'PT . EMITRACO INVESTAMA MANDIRI ', 'Alamat : Jl. Raya Enggano (Ruko Enggano Megah Blok 7L – 7N) Tanjung Priok Jakarta Utara 14310'),
(443, 'YANTO', '1982-06-05', 'Operator Tower Crane ', 2, '-', '-', '-'),
(444, 'MUHAMAD ARPAH', '1985-12-16', 'Operator Forklift', 2, '-', '-', '-'),
(445, 'AGUNG SETYO NUGROHO', '2000-08-01', 'Operator Forklift', 2, '-', '-', '-'),
(446, 'NUR EGA PUTRA', '1999-06-02', 'Operator Forklift', 2, '-', '-', '-'),
(447, 'SIRAJUDDIN', '1993-08-01', 'Operator Bulldozer', 2, '-', '-', '-'),
(448, 'ANGGER RIDO ANUGRAH', '1990-07-25', 'Operator Reach Stacker', 2, '-', '-', '-'),
(449, 'ABEL RIVALDI', '2001-09-17', 'Juru Ikat / Rigger', 2, '-', '-', '-'),
(450, 'MAD SAI', '1965-04-09', 'Ahli K3 Spesialis Bidang Listrik', 1, '-', 'PT. PRIMA KONSTRUKSI UTAMA', 'Taman Krakatau Blok E-13 No. 23 Cilegon'),
(451, 'ACHMAD TOHIR ', '1993-01-08', 'Operator Forklift ', 2, '-', '-', '-'),
(452, 'AFRIZAL', '1990-11-15', 'Operator Reach Stacker', 2, '-', '-', '-'),
(453, 'ILMAN ', '1994-05-06', 'Operator Forklift ', 2, '-', '-', '-'),
(454, 'JOKO PITONO', '1995-11-25', 'Operator Forklift ', 2, '-', '-', '-'),
(455, 'ANGGA WAHYU ARDIANSAH ', '1995-02-25', 'Operator Forklift ', 2, '-', '-', '-'),
(456, 'MUHAMMAD SLAMET ', '1998-02-26', 'Operator Forklift ', 2, '-', '-', '-'),
(457, 'EDY PRIANTO', '1995-05-30', 'Operator Forklift ', 2, '-', '-', '-'),
(458, 'KHOLIS ', '1994-08-17', 'Operator Forklift ', 2, '-', '-', '-'),
(459, 'MUHAMMAD HASAN BASRI', '1994-01-30', 'Operator Forklift ', 2, '-', '-', '-'),
(460, 'SAIFUL ISLAM ', '1999-09-20', 'Operator Forklift ', 2, '-', '-', '-'),
(461, 'MUHAMMAD BISRI ROSYADI ', '1995-05-12', 'Operator Forklift ', 2, '-', '-', '-'),
(462, 'ARI BAGUS WIRATAMA ', '1987-12-18', 'Operator Forklift ', 2, '-', '-', '-'),
(463, 'M. ASHARI ', '1992-11-14', 'Operator Forklift ', 2, '-', '-', '-'),
(464, 'WAN AKBAR ANNAS LUDIN', '1990-05-09', 'AHLI K3 UMUM', 1, '43.974.8440.1-423.000', 'PT . MILYANOV MEDIA KREATIF', 'Jalan Sadang Luhur I Nomor 5 RT. 004 RW. 0 Sekeloa, Coblong Kota Bandung Jawa Barat '),
(465, 'ENDANG', '1985-01-18', 'Operator Forklift', 2, '-', '-', '-'),
(466, 'PAIMAN SUGIARTO', '1971-11-30', 'Operator Excavator', 2, '-', '-', '-'),
(467, 'ZAINUL FANANI', '1977-10-17', 'Operator Overhead Crane ', 2, '-', '-', '-'),
(468, 'ARIYANTO', '1999-02-02', 'Operator Forklift', 2, '-', '-', '-'),
(469, 'KADEK DARMAYASA', '2004-05-01', 'Operator Wheel Loader', 2, '-', '-', '-'),
(470, 'FANKY', '2000-01-18', 'Ahli K3 Umum', 1, '-', 'Personal', 'Link. Cipinang Hilir, RT. 004 RW. 004, Kel. Grogol, Kec. Gerogol, Kota Cilegon, Prov. Banten'),
(471, 'FARIS SAIFUDIN', '2000-06-25', 'Operator Forklift', 2, '-', '-', '-'),
(472, 'FARIS SAIFUDIN', '2000-06-25', 'Operator Forklift', 2, '-', '-', '-'),
(473, 'JOHNI D SIMAMORA', '1971-05-10', 'Operator Trailer Truck', 2, '-', 'PT. Vadhana Internasional', '-'),
(474, 'JOHNI D SIMAMORA', '1971-05-10', 'Operator Trailer Truck', 2, '-', 'PT. Vadhana Internasional', '-'),
(475, 'YANA RIANTO', '1984-11-20', 'Operator Excavator', 2, '-', '-', '-'),
(476, 'WAHYUDIN', '1985-07-04', 'Juru Las / Welder', 3, '-', 'PT. Nusa Sukses Jaya', '-'),
(477, 'KURNIA KALAM', '1988-03-21', 'Operator Forklift', 2, '-', 'PT. RUBICON JAYA ABADI', 'Jalan Raya Rangkas Bitung - Cikande KM 10, Jl. C B A Raya No.Kav 19, Majasari, Kec. Jawilan, Kabupaten Serang, Banten 42177'),
(478, 'BAWER HASINTONGAN GODWILL SITORUS, ST.', '1975-11-21', 'AHLI K3 LISTRIK', 1, '66.221.385.9-323.000', 'PT . FINDI JAYA MANDIRI ', 'Jl. Soekarno Hatta Gg. Datuan Dipuncak Nur RT.12 LK. II Rajabasa Jaya Kec. Rajabasa Kota Bandar Lampung '),
(479, 'CHANDRA KURNIAWAN', '1989-01-31', 'Ahli K3 Umum', 1, '74.151.511.8-321.000', 'Personal', 'Kali Bening RT. 001 RW. 002, Kel. Kali Bening, Kec. Pekalongan, Kab. Lampung Timur, Prov. Lampung'),
(480, 'NANANG SISWANTO', '1995-03-20', 'Operator Excavator', 2, '-', '-', '-'),
(481, 'SUTRISNO, ST. ', '1984-05-19', 'AHLI K3 LISTRIK', 1, '-', 'PT .MITRA BARITO GLOBAL', 'Jalan Pantiajar, Simpang Pantiajar III, RT. 026 RW. 03 Kel. Lanjas Kec. Tewe Tengah Kab. Barito Utara, Prop. Kalimantan Tengah '),
(482, 'EKA PATRIA GEMPUR SAHARA ', '1993-04-13', 'AHLI K3 KETINGGIAN TINGKAT 2 DENGAN AKSES JARINGAN LISTRIK ', 1, '-', 'PT . MITRA BARTO GLOBAL', 'Jalan Pantiajar, Simpang Pantiajar III, RT. 026 RW. 03 Kel. Lanjas Kec. Tewe Tengah Kab. Barito Utara, Prop. Kalimantan Tengah '),
(483, 'SUNARYO', '1987-07-19', 'AHLI K3 KETINGGIAN TINGKAT 2 DENGAN AKSES JARINGAN LISTRIK ', 1, '-', 'PT . MITRA BARTO GLOBAL', 'Jalan Pantiajar, Simpang Pantiajar III, RT. 026 RW. 03 Kel. Lanjas Kec. Tewe Tengah Kab. Barito Utara, Prop. Kalimantan Tengah '),
(484, 'SUTRISNO, ST..', '1984-05-19', 'AHLI K3 KETINGGIAN TINGKAT 2 DENGAN AKSES JARINGAN LISTRIK ', 1, '-', 'PT . MITRA BARTO GLOBAL', 'Jalan Pantiajar, Simpang Pantiajar III, RT. 026 RW. 03 Kel. Lanjas Kec. Tewe Tengah Kab. Barito Utara, Prop. Kalimantan Tengah '),
(485, 'SUTRISNO, ST. ', '1984-05-19', 'Juru Ikat Rigger', 2, '-', 'PT . MITRA BARTO GLOBAL', 'Jalan Pantiajar, Simpang Pantiajar III, RT. 026 RW. 03 Kel. Lanjas Kec. Tewe Tengah Kab. Barito Utara, Prop. Kalimantan Tengah '),
(486, 'MAHKARIFATONI', '1981-04-26', 'Operator Motor Grader', 2, '-', 'PT. PUTRA TAMBAK UTAMA', 'Jl. Raya Serang Jakarta Km. 69 Kp. Gorda Nagreg Ds. Nambo Ilir Kec. Kibin Kab. Serang - Banten 42186'),
(487, 'ABDUL ROHMAN', '1976-10-13', 'Operator Excavator', 2, '-', 'PT. PUTRA TAMBAK UTAMA', 'Jl. Raya Serang Jakarta Km. 69 Kp. Gorda Nagreg Ds. Nambo Ilir Kec. Kibin Kab. Serang - Banten 42186'),
(488, 'FATHUR ROHMAN', '1991-03-05', 'Ahli K3 Spesialis Bidang Pesawat Angkat dan Angkut', 1, '-', 'PT. HARAPAN TEKNIK SHIPYARD', 'Jl. Raya Bojonegara Kp. Cikubang, RT. 10 RW. 05, Argawana, Kec. Pulo Ampel, Kab. Serang, Prov. Banten'),
(489, 'SUTRISNO, ST..', '1984-05-19', 'Operator Crane ', 2, '-', 'PT . MITRA BARTO GLOBAL', 'Jalan Pantiajar, Simpang Pantiajar III, RT. 026 RW. 03 Kel. Lanjas Kec. Tewe Tengah Kab. Barito Utara, Prop. Kalimantan Tengah '),
(490, 'SAHRIL UMAM', '1998-11-10', 'Operator Forklift', 2, '-', 'PT. Putra Gemilang Terate', 'Jl. Raya Bojonegara, Kp. Kerandan, Ds. Terate, RT. 02 RW. 01, Kec. Kramatwatu, Kab. Serang 42161'),
(491, 'SAHRUL ROJI', '1991-02-09', 'Teknisi K3 Listrik', 1, '-', 'PT. MEIDEN ENGINEERING INDONESIA', 'Gedung SUmmitmas I LT. 20, Jl. Jend. Sudirman Kav. 61-62 Blok- No.- RT. 000 RW. 000 Kel. Senayan Kec. Kebayoran Baru Kota/Kab. Jakarta Selatan DKI Jakarta 12190'),
(492, 'TAUFIK', '1972-02-06', 'Teknisi K3 Listrik', 1, '-', 'PT. MEIDEN ENGINEERING INDONESIA', 'Gedung SUmmitmas I LT. 20, Jl. Jend. Sudirman Kav. 61-62 Blok- No.- RT. 000 RW. 000 Kel. Senayan Kec. Kebayoran Baru Kota/Kab. Jakarta Selatan DKI Jakarta 12190'),
(493, 'FREDY LALOGIROTH', '1995-08-01', 'Operator Wheel Loader', 2, '-', '-', '-'),
(494, 'TRI WAHYU', '2000-03-10', 'Operator Wheel Loader', 2, '-', '-', '-'),
(495, 'ADE SURYANA', '1984-09-09', 'Operator Forklift', 2, '-', 'PT. KURNIA SURYA SANTOSA', 'Komplek Pergudangan Jatake Industri, Jl. Industri 6, Gudang Blok B No. 3, Jatiuwung - Tangerang 15136'),
(496, 'IHYA ULUMUDIN', '1997-06-28', 'Operator Forklift', 2, '-', '-', '-'),
(497, 'EDY SANTOSO', '1980-08-21', 'Operator Forklift', 2, '-', '-', '-'),
(498, 'EGI SEPTIYANTO, S.kom', '1995-09-17', 'AHLI K3 LISTRIK', 1, '92.814.937.6-521.000', 'PT . SEMESTA ENERGI SERVICES', 'Gd Graha Satria Lt. 1#203 Jl. Fatmawati Raya No.5 Jakarta Selatan 12430'),
(499, 'RISTA', '1987-06-08', 'Operator Excavator', 2, '-', 'PT. SUPER BLOKMIL INDONESIA', 'Jl. Nasional 1, Kalipasung, Kec. Gebang, Kabupaten Cirebon, Jawa Barat 45191'),
(500, 'ACHMAD AWWALAH MAULANA', '1991-04-07', 'Operator Rubber Tyred Gantry Crane', 2, '-', '-', '-'),
(501, 'CHANDRA MAJA PUTRA', '1980-06-22', 'Operator Rubber Tyred Gantry Crane', 2, '-', '-', '-'),
(502, 'RIAN SANTONO', '1993-12-12', 'Operator Forklift', 2, '-', '-', '-'),
(503, 'SARWAT', '1986-05-15', 'Operator Mobile Crane', 2, '-', '-', '-'),
(504, 'MUKLIS', '1972-06-15', 'Operator Forklift', 2, '-', '-', '-'),
(505, 'INDRA SIMBOLON', '1991-12-01', 'JURU LAS / WELDER', 3, '- ', 'PT . MIURA INDONESIA ', 'Jl. Harapan Raya Lot. KK-10 , Karawang International Industrial City (KIIC) Karawang, Jawa Barat 41361'),
(506, 'DARINTO', '1988-07-15', 'JURU LAS / WELDER', 3, '-', 'PT . MIURA INDONESIA ', 'Jl. Harapan Raya Lot. KK-10 , Karawang International Industrial City (KIIC) Karawang, Jawa Barat 41361'),
(507, 'SUDONO ', '1988-07-03', 'JURU LAS / WELDER', 3, '-', 'PT . MIURA INDONESIA ', 'Jl. Harapan Raya Lot. KK-10 , Karawang International Industrial City (KIIC) Karawang, Jawa Barat 41361'),
(508, 'RAHMAT ', '1994-07-11', 'JURU LAS / WELDER', 3, '-', 'PT . MIURA INDONESIA ', 'Jl. Harapan Raya Lot. KK-10 , Karawang International Industrial City (KIIC) Karawang, Jawa Barat 41361'),
(509, 'YUSUF', '1989-07-09', 'Operator Forklift', 2, '-', '-', '-'),
(510, 'YUSUF SAHRONI', '1999-05-25', 'Operator Forklift', 2, '-', '-', '-'),
(511, 'JOKO NUGROHO ', '1981-06-30', 'AHLI K3 LISTRIK ', 1, '-', 'PT . AMANULLAH MODIS MANDIRI', 'Jl. RM. Harsono No. 41 Rt.9/4 Ragunan, Pasar Minggu Kota Jakarta Selatan DKI Jakarta, 12550 '),
(512, 'AKMALUDIN', '1980-12-31', 'Operator Vacuum Truck', 2, '-', '-', '-'),
(513, 'VIA RIZKI DARAPUSPITA', '1993-02-06', 'Ahli K3 Umum', 1, '-', 'PT. MADEVA KARYA PRATAMA', 'Jl. Aquarius 45 Sumenep'),
(514, 'RAHMAN HIDAYAT', '2001-07-26', 'Operator Bulldozer', 2, '-', '-', '-'),
(515, 'NUR HADI', '2002-11-24', 'Operator Bulldozer', 2, '-', '-', '-'),
(516, 'ABI MANYU', '2004-07-18', 'Operator Wheel Loader', 2, '-', '-', '-'),
(517, 'RIAN APRIANSYAH', '1994-04-19', 'Operator Wheel Loader', 2, '-', '-', '-'),
(518, 'FERDI RANDA SAPUTRA', '2001-10-11', 'Operator Wheel Loader', 2, '-', '-', '-'),
(519, 'DHOWIHARTO', '1977-09-30', 'TENAGA KERJA BANGUNAN TINGGI (TKBT) 2  ', 1, '21.012.019.2-432.000', 'PT . MAWASA MANUNGGAL TEKNIK', 'Jl. Asem Jaya No.34 Ciketing Asem Mustika Jaya, Bekasi'),
(520, 'ADI KURNIAWAN ', '1998-09-13', 'Operator Forklift ', 2, '-', '-', '-'),
(521, 'RINGGO NUGRAHA', '2000-06-02', 'Operator Overhead Crane ', 2, '-', '-', '-'),
(522, 'WARTI ANGGRAINI', '1994-02-08', 'Ahli K3 Umum', 1, '-', 'Personal', 'Karangjati RT. 012 RW. 039, Kel. Sinduadi, Kec. Mlati, Kab. Sleman, Prov. Daerah Istimewa Yogyakarta'),
(523, 'ARIE ACHMAD RACHMAN', '1985-02-03', 'Ahli K3 Umum', 1, '-', 'Personal', 'Jl. Cikadut No. 19, RT. 001 RW. 002, Kel. Karang Pamulang, Kec. Mandalajati, Kota Bandung, Prov. Jawa Barat'),
(524, 'ARI RIWIYANTO', '1977-01-06', 'Calon Ahli K3 Umum', 1, '16.130.240.1-101.000', 'PT. RAMAIJAYA PURNASEJATI', 'Jl. Tgk. Diblang No. 12 Gp. Mulia, Kec. Kuta Alam, Kota Banda Aceh, Prov. Aceh'),
(525, 'AJI WIBOWO ', '1996-04-28', 'AHLI K3 UMUM', 1, '03.102.066.2-321.000', 'PT . SINAR JAYA ENERGI ', 'Jln. Raya Batang Hari 53 A. Kec. Sekampung Lampung Timur, Lampung '),
(526, 'KEYSHA SHAYNA ALKATIRI', '2002-03-26', 'AHLI K3 UMUM', 1, '94.536.649.7-821.000', 'CV . SINAY SENTOSA', 'Lingkungan III Desa Lawangirung Kec. Wenang, Kota Manado Provinsi Sulawesi Utara, 95123'),
(527, 'ACHMAD CHUSAINI', '1971-10-25', 'Operator Forklift ', 2, '-', '-', '-'),
(528, 'ERWAN SUGIYANTO', '1984-04-09', 'Operator Forklift ', 2, '-', '-', '-'),
(529, 'KRISMAN SIANTURI', '1985-02-20', 'Operator Wheel Loader', 2, '-', '-', '-'),
(530, 'TAHI MARPAUNG', '1975-05-07', 'Operator Tank Truck', 2, '-', '-', '-'),
(531, 'AGUS HENDRIKA', '1989-08-02', 'Operator Excavator', 2, '-', 'CV. Karya Abadi', '-'),
(532, 'SUHERMAN', '1988-02-04', 'Operator Excavator', 2, '-', 'CV. Karya Abadi', '-'),
(533, 'FARLIN', '2003-10-03', 'Operator Excavator', 2, '-', '-', '-'),
(534, 'DAVID SAPUTRA JAYA', '1989-04-01', 'Operator Vibro Roller', 2, '-', '-', '-'),
(535, 'SUPARMAN', '1978-09-17', 'Operator Forklift ', 2, '-', '-', '-'),
(536, 'SYAMARI TAMRIN, ST.', '1994-05-02', 'AHLI K3 UMUM', 1, '-', '-', '-'),
(537, 'NILAM SARI', '1996-10-01', 'Ahli K3 Umum', 1, '-', 'Personal', 'Korek Hilia RT. 000 RW. 000, Kel. Tanjuang Bungo, Kec. Suliki, Kab. Lima Puluh Kota, Prov. Sumatera Barat'),
(538, 'MUSAFIR', '1978-04-05', 'Operator Crane Kapal', 2, '-', '-', '-'),
(539, 'M ALDI FEBRIANSYAH', '1996-02-26', 'Operator Mobile Crane', 2, '-', '-', '-'),
(540, 'ARIE SETIADI ISKANDAR', '1995-01-02', 'Ahli K3 Spesialis Bidang Listrik & Tenaga Kerja Bangunan Tinggi Tingkat 2', 1, '91.702.122.2-428.000', 'PT. TESLA DAYA ELEKTRIKA', 'Jl. Matrapersada No. 4A Kel. Pasirkaliki, Kec. Cimahi Utara, Kota Cimahi, Prov. Jawa Barat'),
(541, 'ALDI RAMADAN', '1999-12-23', 'Operator Wheel Loader', 2, '-', '-', '-'),
(542, 'MUHAMAD JAED', '1996-05-23', 'Operator Forklift', 2, '-', '-', '-'),
(543, 'HAMDANI', '1996-06-07', 'Operator Forklift', 2, '-', '-', '-'),
(544, 'ABDULLOH', '1987-09-16', 'Operator Forklift', 2, '-', '-', '-'),
(545, 'BAYU NURCAHYANTO', '1992-03-16', 'Operator Forklift', 2, '-', '-', '-'),
(546, 'KARTA ', '1987-06-17', 'Operator gondola ', 2, '-', '-', '-'),
(547, 'YAYAN SOPIAN', '1989-08-22', 'Operator gondola ', 2, '-', '-', '-'),
(548, 'MUHTAR', '1983-01-02', 'Ahli K3 Spesialis Bidang Listrik', 1, '80.712.293.2-646.000', 'CV.  ADAM PERDANA', 'Jl. Timor No. 37, RT. 01 RW. 02, Kel. Tawanganom, Kec. Magetan, Kab. Magetan, Prov. Jawa Timur');
INSERT INTO `tb_pekerja` (`id_pekerja`, `nama`, `tgl_lahir`, `operator`, `pekerjaan_id`, `npwp`, `nama_pt`, `alamat_pt`) VALUES
(549, 'SUSILO FAIQ MUKHSIN', '1994-12-15', 'Operator Forklift', 2, '-', '-', '-'),
(550, 'MUHAMMAD RIZKI MUNANDA', '2000-01-31', 'Operator Gantry Crane', 2, '-', '-', '-'),
(551, 'HARIYANTO', '1987-04-11', 'AHLI K3 UMUM', 1, '-', '-', '-'),
(552, 'JOKO HARYONO', '1973-06-03', 'INSPECTOR K3 PERANCAH SCAFFOLDER ', 1, '-', 'PT . TRUBA JAGA CITA', '18 Office Park 21 Floor Suite E Jl. Simatupang No.18 Kebagusan, Pasar Minggu, Jakarta Selatan, DKI Jakarta 12520'),
(553, 'DANU SAPUTRO', '1995-06-05', 'Operator Excavator', 2, '-', '-', '-'),
(554, 'TRISNAYA', '2000-04-26', 'Operator Forklift', 2, '-', '-', '-'),
(555, 'RAMA ADITYA', '2001-11-10', 'Operator Forklift', 2, '-', '-', '-'),
(556, 'TIYOK SUSANTO', '1994-05-25', 'Juru Ikat Rigger', 2, '-', '-', '-'),
(557, 'DIAN PRASETYO ', '1993-12-19', 'Juru Ikat Rigger', 2, '-', '-', '-'),
(558, 'MUHAMAD IRFAN', '1996-01-10', 'Juru Ikat Rigger', 2, '-', '-', '-'),
(559, 'RIYOYO', '1988-05-16', 'Juru Ikat Rigger', 2, '-', '-', '-'),
(560, 'ANDI PRAYOGA', '1994-05-21', 'Juru Ikat Rigger', 2, '-', '-', '-'),
(561, 'JUMANI', '1976-08-24', 'Ahli K3 Spesialis Bidang Listrik', 1, '-', 'CV. ADAM PERDANA', 'Jl. Timor No. 37, RT. 01 RW. 02, Kel. Tawanganom, Kec. Magetan, Kab. Magetan, Prov. Jawa Timur'),
(562, 'CHAIRUL SOLEH S SOS', '1970-03-11', 'Ahli K3 Umum', 1, '-', 'PT. AJI KONSTRUKSI UTAMA', 'Ruko Soho A19 - Perumahan Villa Meutia Kirana, Kel. Sepanjang Jaya, Kec. Rawa Lumbu, Kota Bekasi - Jawa Barat'),
(563, 'ELVIN JUANG TUNGGAL ', '1986-09-14', 'AHLI K3 UMUM', 1, '01.733.953.2-921.000', 'PT. BATU FLORES PRATAMA', 'Jalan Moa Toda RT/RW 011/003,Kel Kota Baru, Kec. Alok Timur, Kab Sikka'),
(564, 'SETIO AJI WIBOWO', '1995-05-13', 'Operator Forklift', 2, '-', '-', '-'),
(565, 'WAWAN SETIAWAN ', '1978-02-01', 'Operator Passenger Hoist', 2, '-', '-', '-'),
(566, 'DARMANSYAH WARUWU', '1987-10-10', 'Operator Pedestal Crane ', 2, '-', '-', '-'),
(567, 'AHI RIYAN MAULANA', '1996-08-30', 'Operator Excavator', 2, '-', '-', '-'),
(568, 'MICHAEL JULIANTO SIMANJUNTAK', '1997-07-26', 'Ahli K3 Bidang Pesawat Uap dan Bejana Tekan', 1, '-', 'PT. SURYA PRATAMA KREASINDO', 'Jl. Tojai No. E1 Kompleks Mabar Estate, Mabar Hilir, Medan Deli, Medan - Sumatera Utara'),
(569, 'HENGKI HERMAWAN', '2002-06-19', 'Operator Wheel Loader', 2, '-', '-', '-'),
(570, 'AJAT SUDRAJAT', '1987-05-19', 'Operator Forklift', 2, '-', '-', '-'),
(571, 'REVANDO OKTA SAPUTRA', '1995-10-06', 'Operator Forklift ', 2, '-', '-', '-'),
(572, 'JONI SUSANTO', '1985-07-07', 'Operator Horizontal Directional Drilling', 2, '-', 'PT. Piranti Sarana Migunani', 'Gedung Indra Sentra, Jl. Letjen Suprapto No. 60 Blok L Lt. 4 Cempaka Putih - Jakarta Pusat'),
(573, 'PUTRA DWI MARDIKA', '2000-08-10', 'Operator Forklift', 2, '-', '-', '-'),
(574, 'THOAT KRISTIYANTO', '1990-09-13', 'PERANCAH SCAFOLLDER', 1, '-', 'PT . PESONA MITRATAMA INDONESIA ', 'Jl. Parpostel No.111, RT.001/RW.001, Jatiasih, Kec. Jatiasih, Kota Bks, Jawa Barat 17425'),
(575, 'THOAT KRISTIYANTO. ', '1990-09-13', 'TENAGA KERJA BANGUNAN TINGGI (TKBT) 2  ', 1, '- ', 'PT . PESONA MITRATAMA INDONESIA ', 'Jl. Parpostel No.111, RT.001/RW.001, Jatiasih, Kec. Jatiasih, Kota Bks, Jawa Barat 17425'),
(576, 'SYARIPUDIN', '2005-05-11', 'Operator Excavator', 2, '-', '-', '-'),
(577, 'RIKO ROSBIRO', '1987-08-12', 'Operator Tank Truck', 2, '-', 'PT. PGN SOLUTION', '-'),
(578, 'JAMALUDIN', '1988-02-24', 'Operator Forklift', 2, '-', '-', '-'),
(579, 'JUSUF TITING BOLANG ', '1970-03-16', 'Operator Forklift ', 2, '-', '-', '-'),
(580, 'ARMANDO DACOSTA', '1976-05-09', 'Operator Pedestal Crane ', 2, '-', '-', '-'),
(581, 'VICKY VICTORY', '2003-01-04', 'Operator Harbour Mobile Crane ', 2, '-', '-', '-'),
(582, 'T. AGUNG AULYA', '1988-08-16', 'Operator Truck Crane', 2, '-', '-', '-'),
(583, 'SUKRON SAEBANI', '1996-12-22', 'Operator Asphalt Mixing Plant', 2, '61.225.273.4-434.000', 'PT. LIDYS ARTHA BORNEO', 'Jl. Perdagangan Komp. Bumi Indah Lestari No. 36 RT. 22 Bundaran Kayu Tangi - Banjarmasin 70124 - Kalimantan Selatan'),
(584, 'NURKOSIM', '1975-04-11', 'Operator Forklift', 2, '-', '-', '-'),
(585, 'MUHAMMAD VIJAY', '1999-03-03', 'Operator Forklift', 2, '-', '-', '-'),
(586, 'BENNY WIJAYA', '1990-03-10', 'Ahli K3 Umum', 1, '-', 'Personal', 'Jl. Yayasan II No. 3592, RT. 035 RW. 014, Kel. 2 Ilir, Kec. Ilir Timur II, Kota Palembang, Prov. Sumatera Selatan'),
(587, 'ABDUL HAKIM', '1992-07-26', 'Ahli K3 Umum', 1, '-', 'PT. Patra Utama Mandiri', 'Jl. Letjend Suprapto No. 69 Balikpapan'),
(588, 'DAFI AFRIADI', '2000-03-22', 'Operator Forklift', 2, '-', '-', '-'),
(589, 'ABDULLAH', '1983-05-11', 'Operator Excavator', 2, '-', 'PT. DIANG PUTRA ANDHIKATAMA', 'Jl. H. Rahmah Bahran No. 58 Kandangan HSS Kalimantan Selatan'),
(590, 'ISMOYO SAMSURIZAL', '1996-05-25', 'Operator Forklift', 2, '-', '-', '-'),
(591, 'RIYAN ', '1998-04-24', 'Operator Forklift ', 2, '-', '-', '-'),
(592, 'ADE RIFIEN', '1973-03-18', 'Operator Gondola', 2, '-', '-', '-'),
(593, 'ACHMAD ASHARI', '1994-01-21', 'Ahli K3 Umum', 1, '-', 'PT. Makmur Jaya Sentosa', 'Kawasan Industri CCIE Blok K No. 4, Bantarjati, Klapanunggal, Bogor - Jawa Barat 16874'),
(594, 'RENDY JAYUSMAN', '1989-06-09', 'Operator Wheel Loader', 2, '-', '-', '-'),
(595, 'CATUR WULAN TORO', '1993-05-27', 'Operator Bulldozer', 2, '-', '-', '-'),
(596, 'ROSMARDIANSYAH', '1999-12-03', 'Operator Forklift ', 2, '-', '-', '-'),
(597, 'AHMAD HABIBI SIREGAR', '1996-04-12', 'Operator Boom Lift', 2, '-', '-', '-'),
(598, 'RESKI', '1998-01-08', 'Operator Mobile Crane', 2, '-', '-', '-'),
(599, 'IBNU ALWI SEPTIAWAN', '2000-09-05', 'Operator Forklift', 2, '-', '-', '-'),
(600, 'ASYHAR SIBYAN AL HUDA', '2000-09-15', 'Operator Forklift', 2, '-', '-', '-'),
(601, 'AYI SUPARMAN', '1967-07-06', 'Juru Las / Welder', 3, '-', 'PT. Gerbang Saranabaja', 'Jl. Raya Tipar Cakung KM 3,9 Sukapura, Cilincing, Jakarta Utara 14140'),
(602, 'MUHAMMAD DIAN RUSMANA', '1994-03-12', 'Juru Las / Welder', 3, '-', 'PT. Gerbang Saranabaja', 'Jl. Raya Tipar Cakung KM 3,9 Sukapura, Cilincing, Jakarta Utara 14140'),
(603, 'MUHAMMAD IDRIS', '1984-01-01', 'Operator Forklift', 2, '-', '-', '-'),
(604, 'SONDARA ZOKY SITUMEANG', '1994-04-10', 'Operator Manlift', 2, '-', '-', '-'),
(605, 'A. NURALAMSYAH, S.Pd', '1989-09-30', 'Ahli K3 Umum', 1, '-', 'Personal', 'Romang Tangngaya RT. 000 RW. 000, Kel. Mattompodalle, Kec. Polongbangkeng Utara, Kab. Takalar, Prov. Sulawesi Selatan'),
(606, 'DICKY HERMAWAN', '1999-05-21', 'Operator Forklift', 2, '-', '-', '-'),
(607, 'SUPRIANTO', '1963-05-08', 'Juru Ikat Rigger', 2, '-', '-', '-'),
(608, 'AGUS BAMBANG SUGIANTORO ', '1980-12-21', 'Juru Ikat Rigger', 2, '-', '-', '-'),
(609, 'SLAMET PUJIANTO', '1990-07-06', 'Operator Forklift ', 2, '97.384.099.4-502.000', '-', '-'),
(610, 'DEDY JHONATHAN', '1979-09-02', 'Operator Water Tank Truck', 2, '-', '-', '-'),
(611, 'SAPRUDIN', '1978-04-02', 'Operator Motor Grader', 2, '-', '-', '-'),
(612, 'SUARDI', '1990-08-02', 'Operator Forklift', 2, '-', '-', '-'),
(613, 'MAMIN', '1979-09-27', 'AHLI BIDANG PESAWAT UAP DAN BEJANA TEKAN', 1, '-', 'PT. PRIMA GASARI UTAMA', 'Kp. Cikadu RT.02/09 Desa, Sukalarang, Kecamatan, Sukalarang,Kab. Sukabumi '),
(614, 'AKHMAD AFANDI', '2004-06-24', 'Operator Forklift', 2, '-', '-', '-'),
(615, 'SAMSUL ARIF', '1991-11-21', 'Operator Forklift', 2, '-', '-', '-'),
(616, 'ICHSAN TRINOVANTO', '2000-11-21', 'Operator Forklift', 2, '-', '-', '-'),
(617, 'HAJAT FAJARUDDIN', '2001-03-09', 'Operator Forklift', 2, '-', '-', '-'),
(618, 'MUHAMMAD SYIFA ALHAKIM', '1995-12-01', 'Juru Las / Welder', 3, '-', '-', '-'),
(619, 'ISHAK', '1976-12-19', 'Operator Forklift', 2, '-', '-', '-'),
(620, 'ISHAK', '1976-12-19', 'Operator Forklift', 2, '-', '-', '-'),
(621, 'EKO SAPUTRA', '2001-07-11', 'Operator Excavator', 2, '-', '-', '-'),
(622, 'EKO SAPUTRA', '2001-07-11', 'Operator Excavator', 2, '-', '-', '-'),
(623, 'SANUSI', '1989-07-17', 'Operator Forklift', 2, '-', 'PT. Kemasan Indah Sejahtera', 'Jl. Gatot Subroto KM. 7,5 Kp. Pabuaran RT. 002 / RW. 001 Kel. Manis Jaya Kec. Jatiuwung Tangerang 15136'),
(624, 'MUHAMAD NURJAMAN', '1995-08-12', 'Operator Forklift', 2, '-', 'PT. Kemasan Indah Sejahtera', 'Jl. Gatot Subroto KM. 7,5 Kp. Pabuaran RT. 002 / RW. 001 Kel. Manis Jaya Kec. Jatiuwung Tangerang 15136'),
(625, 'MUJIYANTO', '1977-01-21', 'Operator Forklift', 2, '-', 'PT. Kemasan Indah Sejahtera', 'Jl. Gatot Subroto KM. 7,5 Kp. Pabuaran RT. 002 / RW. 001 Kel. Manis Jaya Kec. Jatiuwung Tangerang 15136'),
(626, 'DANDI IRAWAN', '2002-03-23', 'Operator Bulldozer', 2, '-', '-', '-'),
(627, 'MARDIANSYAH', '2000-02-10', 'Operator Bulldozer', 2, '-', '-', '-'),
(628, 'HARDIMAN', '1998-07-16', 'Operator Bulldozer', 2, '-', '-', '-'),
(629, 'BUSRANG', '1999-08-18', 'Operator Bulldozer', 2, '-', '-', '-'),
(630, 'SANRI PRIMA HARAHAP', '1992-11-08', 'Operator Forklift', 2, '-', 'PT. Sentra Mitra Alih Daya', 'Jl. Pelabuhan Kav I Kabil, Nongsa Batam'),
(631, 'UJANG DAHLAN', '1997-06-17', 'Juru Las ( Wender) ', 3, '-', 'PT. PRIMA GASARI UTAMA', 'Kp. Cikadu RT. 02/09 Desa Sukalarang, Kecamatan Sukalarang Kabupaten Sukabumi'),
(632, 'MUHAMMAD ANTON PRABOWO', '1999-10-03', 'Operator Passenger Hoist', 2, '-', '-', '-'),
(633, 'AEP INDRA ', '1983-12-13', 'Operator Forklift', 2, '-', '-', '-'),
(634, 'SYAKIR MUSTAFA', '1992-10-23', 'AHLI MADYA K3 KONTRUKSI', 1, '66.505.405.2-616.000', 'CV. BANGUN KARYATAMA MANDIRI', 'Royal Tajur Residence, Cluster Bres field II No. 9 Muarasari, Bogor Selatan, Kota Bogor 16137'),
(635, 'MUHAMAD ZAIDI HABIL', '1980-03-03', 'AHLI K3 SPESIALIS BIDANG LISTRIK', 1, '-', 'PT. SARI ULFA MUTIA', 'Jl. Fidnang, Armau, Kelurahan Masrum, Kecamatan Dullah Selatan, Kota Tual'),
(636, 'MUHAMAD KHOLID MAWARDI', '1993-06-06', 'Ahli K3 Umum', 1, '-', 'PT. TRI SAMSU TEKNIK', 'Jl. Bromo RT. 002 RW. 003, Lengkong, Jatigedong, Kec. Ploso, Kab. Jombang, Prov. Jawa Timur'),
(637, 'RUSLI', '1994-12-11', 'Operator Crane', 2, '-', '-', '-'),
(638, 'MOHAMAD GHOZALI', '1995-01-10', 'Operator Mobile Crane', 2, '-', '-', '-'),
(639, 'SATULIN ', '1989-08-08', 'INSPECTOR K3 PERANCAH/SCAFFOLDER', 1, '-', '-', '-'),
(640, 'FERI PRASETYO UTOMO', '1996-02-07', 'Operator Forklift', 2, '43.093.625.2-643.000', '-', '-'),
(641, 'MUH. MUSTARI MUSAFIR', '2000-04-07', 'Operator Wheel Loader', 2, '-', '-', '-'),
(642, 'MOCH AINUL YAQIN', '1997-11-06', 'Operator Forklift', 2, '-', '-', '-'),
(643, 'EKO LESTIYONO', '1996-06-16', 'Operator Forklift', 2, '-', '-', '-'),
(644, 'ALDI WAHYU KURNIAWAN', '2000-05-12', 'Operator Forklift', 2, '-', 'UPT Balai Latihan Kerja (BLK) Kudus', 'Jl. Conge Ngembalrejo No. 99, Ngembal Rejo, Ngembalrejo, Kec. Bae, Kab. Kudus, Jawa Tengah 59322'),
(645, 'MUHAMAD YUSUF', '1981-06-06', 'Operator Forklift', 2, '-', 'UPT Balai Latihan Kerja (BLK) Kudus', 'Jl. Conge Ngembalrejo No. 99, Ngembal Rejo, Ngembalrejo, Kec. Bae, Kab. Kudus, Jawa Tengah 59322'),
(646, 'AHMAD IBRAH', '1998-07-27', 'Ahli K3 Umum', 1, '-', 'Personal', 'Desa Basule RT. 001 RW. 001, Kel. Basule, Kec. Lasolo, Kab. Konawe Utara, Prov. Sulawesi Tenggara'),
(647, 'SYAHRIZAL BAHRI', '1983-04-25', 'Juru Las / Welder', 3, '-', 'Personal', 'Dusun Tarusa Bawa, RT. 002 RW. 004, Kel. Tarusa, Kec. Buer, Kab. Sumbawa, Prov. Nusa Tenggara Barat'),
(648, 'KIFLI ADI', '1983-11-21', 'Juru Las / Welder', 3, '-', 'Personal', 'Dusun Pasir Utara, RT. 005 RW. 001, Kel. Pasir Putih, Kec. Maluk, Kab. Sumbawa, Prov. Nusa Tenggara Barat'),
(649, 'DODONG HARYANTO', '1984-01-10', 'Operator Wheel Loader', 2, '-', '-', '-'),
(650, 'YATMAN', '1997-10-10', 'Operator Manlift', 2, '-', '-', '-'),
(651, 'RIFO TOTTI INDRIANTO', '2001-07-27', 'Operator Forklift', 2, '-', '-', '-'),
(652, 'DANI KURNIAWAN', '1989-12-07', 'Operator Forklift', 2, '-', '-', '-'),
(653, 'ARDIAN MAULANA', '1998-05-16', 'Operator Forklift', 2, '-', '-', '-'),
(654, 'MUHAMMAD TOHIR', '2000-10-02', 'Operator Forklift', 2, '-', '-', '-'),
(655, 'NOVER NAINGGOLAN', '1993-04-14', 'Operator Excavator', 2, '-', '-', '-'),
(656, 'RESTU WAHYU SAPUTRA', '2003-09-22', 'Operator Forklift', 2, '-', 'UPT Balai Latihan Kerja (BLK) Kudus', 'Jl. Conge Ngembalrejo No. 99, Ngembal Rejo, Ngembalrejo, Kec. Bae, Kab. Kudus, Jawa Tengah 59322'),
(657, 'MUCHAMMAD YASIN', '1989-06-07', 'Operator Forklift', 2, '-', 'UPT Balai Latihan Kerja (BLK) Kudus', 'Jl. Conge Ngembalrejo No. 99, Ngembal Rejo, Ngembalrejo, Kec. Bae, Kab. Kudus, Jawa Tengah 59322'),
(658, 'MUHAMMAD RIYADLUS SOLIHIN', '2003-12-21', 'Operator Forklift', 2, '-', 'UPT Balai Latihan Kerja (BLK) Kudus', 'Jl. Conge Ngembalrejo No. 99, Ngembal Rejo, Ngembalrejo, Kec. Bae, Kab. Kudus, Jawa Tengah 59322'),
(659, 'FIRMANSYAH', '1986-09-26', 'Operator Forklift', 2, '-', '-', '-'),
(660, 'ILHAM KOSASIH', '1999-10-20', 'Operator Forklift', 2, '-', '-', '-'),
(661, 'ARDHI SUPRATMAN', '1994-10-25', 'Operator Forklift', 2, '-', '-', '-'),
(662, 'ANTON', '1998-09-11', 'Operator Forklift', 2, '-', '-', '-'),
(663, 'WAHYU PRACOYO SUGIHARTO', '1977-03-17', 'AHLI K3 UMUM', 1, '-', 'PT. SAFA JAYA ANSARI', 'Jl. Perum Permata Blok A No. 8 Cimahi Bandung'),
(664, 'ERWIN ARITONANG', '1993-03-08', 'AHLI K3 UMUM', 1, '-', 'PT. JAGANATA SAKTI UNGGUL', 'Gedung Atlantica Lt. 1 Kuningan  Barat No. 7 Kel. Kuningan  Barat Kec. Mampang Prapatan Kota ADM Jakarta Selatan 12710'),
(665, 'ERWIN ARITONANG', '1993-03-08', 'AHLI K3 UMUM', 1, '-', 'PT. JAGANATA SAKTI UNGGUL', 'Gedung Atlantica Lt. 1 Kuningan  Barat No. 7 Kel. Kuningan  Barat Kec. Mampang Prapatan Kota ADM Jakarta Selatan 12710'),
(666, 'HARINTO', '1981-12-01', 'K3 KETINGGIAN DENGAN AKSES TALI TK. 1', 1, '01.709.013.5-014.001', 'PT. PUTRA ARGA BINANGUN', 'Gedung Cyber 1 Lt. 6 Jl. Kuningan Barat Raya No. 8 RT. 1/RW.3 Kuningan Barat,  Kec. Mampang Prapatan Kota Jakarta Selatan DKI Kota Jakarta Selatan 12710'),
(667, 'M. ALFI FADLI AZHAR', '1998-11-30', 'Operator Forklift', 2, '-', '-', '-'),
(668, 'ARIYANDI', '1987-09-22', 'Ahli K3 Umum', 1, '-', 'PT. Sarana Utama Adimandiri', 'PLAZA SUA, 5-7th Floor, Jl. Prof. Dr. Soepomo SH. No. 27, Tebet Barat, Jakarta Selatan 12810'),
(669, 'IYUS RUSWANDI', '1969-06-11', 'Petugas K3 Madya Ruang Terbatas', 1, '-', 'PT. Barkah Jaya Sentosa Anugerah', 'Jl. Raya Tajur Kp. Dukuh RT. 003/002, No. 28 Citeureup - Bogor'),
(670, 'FAHRUL ROSI', '1999-04-30', 'Operator Reach Stacker', 2, '-', '-', '-'),
(671, 'STEFANUS KURNIAWAN, ST', '1986-09-15', 'AHLI K3 UMUM', 1, '83.496.706.9-085.000', 'PT. GARPATI BUMITRA UTAMA', 'Ruko Botanical Blok H-7/21 Jalan raya Joglo Rt. 07 Rw. 001 Joglo Kembangan Jakarta Barat 11640 DKI Jakarta'),
(672, 'ARJUN SATRIA SAKTI', '1993-07-24', 'Tenaga Kerja Bangunan Tinggi Tingkat 2', 1, '-', 'PT. Semangat Cipta Solusi Teknologi', 'Jl. Mampang Prapatan Raya No. 73A Lt. 3, Jakarta Selatan 15210'),
(673, 'NURHADI', '1987-05-02', 'Ahli K3 Umum', 1, '-', 'Personal', 'Jl. Komp AL RT. 005 RW. 009, Kel. Jatimakmur, Kec. Pondokgede, Kota Bekasi, Prov. Jawa Barat.'),
(674, 'TABRI', '1971-12-01', 'Ahli K3 Umum', 1, '-', 'PT. RIFAN JAYA MANDIRI', 'Jl. Raden Saleh No. 78 Karang Mulya, Karang Tengah, Ciledug - Tangerang 15157'),
(675, 'ARYA DARMAWANSYAH', '1192-05-12', 'Ahli K3 Umum', 1, '-', 'PT. Sinar Trans Lampung', 'Jl. Endro Suratmin, Gg. Kalpataru No. 17, Kel. Way Dadi, Kec. Sukarame, Bandar Lampung 35131'),
(676, 'LUKMAN HAKIM', '1979-05-20', 'Operator Forklift', 2, '-', '-', '-'),
(677, 'ABDUL NURBHAKTI', '1992-10-18', 'Ahli K3 Bidang Pesawat Uap dan Bejana Tekan', 1, '-', 'PT. RIFAN JAYA MANDIRI', 'Jl. Raden Saleh No. 78 Karang Mulya, Karang Tengah, Ciledug - Tangerang 15157'),
(678, 'ASEP SAEPULOH', '2001-05-05', 'Operator Forklift', 2, '-', '-', '-'),
(679, 'ENTO RUDIANTO', '1987-06-03', 'Operator Forklift', 2, '-', '-', '-'),
(680, 'WHISNU BHUNTORO', '1986-06-05', 'Ahli K3 Spesialis Bidang Listrik', 1, '-', 'PT. MEIDEN ENGINEERING INDONESIA', 'Gedung Summitmas 1, Lantai 20. Jln. Jenderal Sudirman Kav 61-62, Jakarta 12190'),
(681, 'DOVIE ARIVIYAN HARDIANTO', '1990-08-26', 'Ahli K3 Spesialis Bidang Listrik', 1, '-', 'PT. MEIDEN ENGINEERING INDONESIA', 'Gedung Summitmas 1, Lantai 20. Jln. Jenderal Sudirman Kav 61-62, Jakarta 12190'),
(682, 'RUDI HERMANTO, ST. ', '1985-01-07', 'AHLI K3 PROTEKSI KEBAKARAN ', 1, '75.928.329.4-113.000', 'PT. SINAR MULTI PROTEKSINDO', 'Jl. Bilal Ujung No. 302 F, P. Brayan Darat I Medan Timur, Kota Medan Sumatera Utara'),
(683, 'RUDI HERMANTO, ST.. ', '1985-01-07', 'AHLI K3 UMUM', 1, '75.928.329.4-113.000', 'PT. SINAR MULTI PROTEKSINDO', 'Jl. Bilal Ujung No. 302 F, P. Brayan Darat I Medan Timur, Kota Medan Sumatera Utara'),
(684, 'JENUL ALIM', '1998-03-05', 'Teknisi K3 Listrik', 1, '-', 'PT. Prima Konstruksi Utama', 'Komplek Taman Krakatau Blok E 16 No. 1 Waringin Kurung 42161, Cilegon'),
(685, 'ALFATH RIZKI MULYANA', '1995-10-13', 'Petugas Peran Kebakaran', 1, '-', 'PT. Prima Konstruksi Utama', 'Komplek Taman Krakatau Blok E 16 No. 1 Waringin Kurung 42161, Cilegon'),
(686, 'SUYANTO', '1976-07-23', 'Teknisi K3 Listrik', 1, '-', 'Pabrik Kecap Benteng \"SH\" Firma Sehat', 'Jl. Saham No. 37, RT. 001 RW. 006, Sukasari, Kec. Tangerang, Kota Tangerang, Prov. Banten 15118'),
(687, 'ALAMSYAH, ST ', '1967-07-06', 'AHLI K3 UMUM', 1, '14.541.778.8-323.000', 'PT. BARA KENCANA CEMERLANG', 'Jl. Pulau Karimun Jawa Perum Indah Sejahtera II Blok L12 RT/LK 011/I Sukarame - Bandar Lampung 35131'),
(688, 'NELSON MANDELA SIBURIAN, ST ', '1996-07-05', 'AHLI K3 UMUM', 1, '92.234.847.9-326.000', 'PT. PUTRA BAHKISAT MANDIRI', 'Dusun Tanjung Mulyo Rt. 001 Rw. 002 Desa Bumi Raya Kecamatan Abung Selatan Kabupaten Lampung Utara Provinsi Lampung'),
(689, 'IR. EKO EDDY PURWANTO', '1958-02-18', 'Ahli K3 Spesialis Bidang Listrik', 1, '-', 'PT. SINAR TIMUR UTAMA RAYA', 'Jl. Karya Baru No. 60 H, Desa/Kelurahan Parittokaya, Kec. Pontianak Selatan, Kota Pontianak, Prov. Kalimantan Barat 78121'),
(690, 'M. NURDIN', '1997-12-17', 'Operator Forklift', 2, '-', 'Personal', 'Dusun XI Jl. Peringgan No. 1 RT. 000/000 Kel/Ds. Kolam Kec. Percut Sei Tuan Kab. Deli Serdang Prov. Sumatera Utara'),
(691, 'PURWOKO ADI RUSTANTO', '2000-01-29', 'Operator Forklift', 2, '-', '-', '-'),
(692, 'ROHMAN', '1989-10-10', 'Operator Forklift', 2, '-', '-', '-'),
(693, 'EDI JUNAEDI', '1989-01-07', 'Juru Las / Welder', 3, '-', 'PT. RATAMA UNIX', 'Jl. Mayor Oking No. 3 Bogor 16124'),
(694, 'IWAN', '1979-09-08', 'Ahli K3 Umum', 1, '-', 'Personal', 'Leppangeng RT. 000 RW. 000, Kel/Ds. Patangkai, Kec. Lappariaja, Kab. Bone, Prov. Sulawesi Selatan'),
(695, 'KEVIN NUGROHO', '1999-07-21', 'Ahli K3 Umum', 1, '-', 'PT. BAHANA CIPTA INTERNUSA', 'Komplek Balikpapan Baru, Little China Blok AB.5 No. 8-9 RT. 022 Damai Baru, Balikpapan Selatan, Kalimantan Timur 76114'),
(696, 'SAHRUL FAUZI', '1987-09-21', 'Operator Forklift', 2, '-', 'PT. MITRA CMB INDONESIA', 'Jl. KH. Agus Salim RT. 003/006 Kel. Poris Plawad, Kec. Cipondoh Kota Tangerang'),
(697, 'MUHAMAD HANNALLADZI', '1996-02-28', 'Operator Forklift', 2, '-', 'PT. MITRA CMB INDONESIA', 'Jl. KH. Agus Salim RT. 003/006 Kel. Poris Plawad, Kec. Cipondoh Kota Tangerang'),
(698, 'RIDHO SYACH DANI', '2000-09-28', 'Operator Forklift', 2, '-', 'PT. MITRA CMB INDONESIA', 'Jl. KH. Agus Salim RT. 003/006 Kel. Poris Plawad, Kec. Cipondoh Kota Tangerang'),
(699, 'IRPAN FATUROHMAN', '2001-03-25', 'Operator Forklift', 2, '-', 'PT. MITRA CMB INDONESIA', 'Jl. KH. Agus Salim RT. 003/006 Kel. Poris Plawad, Kec. Cipondoh Kota Tangerang'),
(700, 'ALEX HARDIANSYAH', '1994-07-01', 'Operator Forklift', 2, '-', 'PT. MITRA CMB INDONESIA', 'Jl. KH. Agus Salim RT. 003/006 Kel. Poris Plawad, Kec. Cipondoh Kota Tangerang'),
(701, 'MOHAMAD FITRA RAMADHANI', '1988-04-18', 'Operator Forklift', 2, '-', 'PT. MITRA CMB INDONESIA', 'Jl. KH. Agus Salim RT. 003/006 Kel. Poris Plawad, Kec. Cipondoh Kota Tangerang'),
(702, 'JUNAIDI', '1977-06-17', 'Operator Forklift', 2, '-', 'PT. MITRA CMB INDONESIA', 'Jl. KH. Agus Salim RT. 003/006 Kel. Poris Plawad, Kec. Cipondoh Kota Tangerang'),
(703, 'ADI KURNIA', '1989-02-12', 'Operator Forklift', 2, '-', 'PT. MITRA CMB INDONESIA', 'Jl. KH. Agus Salim RT. 003/006 Kel. Poris Plawad, Kec. Cipondoh Kota Tangerang'),
(704, 'RIDWAN MAULANA', '1995-05-25', 'Operator Forklift', 2, '-', 'PT. MITRA CMB INDONESIA', 'Jl. KH. Agus Salim RT. 003/006 Kel. Poris Plawad, Kec. Cipondoh Kota Tangerang'),
(705, 'SUGENG', '1969-07-30', 'Operator Forklift', 2, '-', 'PT. HILON INDONESIA', 'Jl. Putera Utaman No. 9 Kaws. Industri Pasar Kemis Kec. Pasar Kemis Kab. Tangerang'),
(706, 'UNTUNG AHMAD CAHYO', '1976-12-07', 'Operator Forklift', 2, '-', 'PT. HILON INDONESIA', 'Jl. Putera Utaman No. 9 Kaws. Industri Pasar Kemis Kec. Pasar Kemis Kab. Tangerang'),
(707, 'RATNO', '1969-04-09', 'Operator Forklift', 2, '-', 'PT. Inocycle Technology Group Tbk.', 'Jl. Putera Utaman No. 10 Kaws. Industri Pasar Kemis Kec. Pasar Kemis Kab. Tangerang'),
(708, 'ULIL AMRI ABADI', '2003-07-28', 'Operator Wheel Loader', 2, '-', '-', '-'),
(709, 'DADANG JEKI SAPUTRO', '2001-06-08', 'Operator Gondola', 2, '-', 'PT. PURADIKA ASA AGUNG', '-'),
(710, 'HIDAYAT', '2001-04-28', 'Operator Gondola', 2, '-', 'PT. PURADIKA ASA AGUNG', '-'),
(711, 'ENDANG SUHENDAR ', '1979-07-15', 'Operator Gondola', 2, '-', 'PT. PURADIKA ASA AGUNG', '-'),
(712, 'ABDUL HAMID', '1998-07-26', 'Operator Hoist Crane', 2, '-', 'PT. Inocycle Technology Group Tbk.', 'Jl. Putera Utaman No. 10 Kaws. Industri Pasar Kemis Kec. Pasar Kemis Kab. Tangerang'),
(713, 'ADHI GUNA', '2000-03-16', 'Operator Hoist Crane', 2, '-', 'PT. Inocycle Technology Group Tbk.', 'Jl. Putera Utaman No. 10 Kaws. Industri Pasar Kemis Kec. Pasar Kemis Kab. Tangerang'),
(714, 'KRISNA GUMILANG OCTADIANTO', '1998-10-20', 'Operator Hoist Crane', 2, '-', 'PT. Inocycle Technology Group Tbk.', 'Jl. Putera Utaman No. 10 Kaws. Industri Pasar Kemis Kec. Pasar Kemis Kab. Tangerang'),
(716, 'RUDI ARSITO', '1980-11-21', 'Operator Boiler', 2, '-', 'PT. Inocycle Technology Group Tbk.', 'Jl. Putera Utaman No. 10 Kaws. Industri Pasar Kemis Kec. Pasar Kemis Kab. Tangerang'),
(717, 'DADAN', '1992-03-02', 'Operator Boiler', 2, '-', 'PT. Inocycle Technology Group Tbk.', 'Jl. Putera Utaman No. 10 Kaws. Industri Pasar Kemis Kec. Pasar Kemis Kab. Tangerang'),
(718, 'BUDI UTOMO', '1974-06-16', 'Operator Boiler', 2, '-', 'PT. Inocycle Technology Group Tbk.', 'Jl. Putera Utaman No. 10 Kaws. Industri Pasar Kemis Kec. Pasar Kemis Kab. Tangerang'),
(719, 'DEKKA RIYAN RAMDHANI', '2000-12-24', 'Operator Cargo Lift', 2, '-', 'PT. Inocycle Technology Group Tbk.', 'Jl. Putera Utaman No. 10 Kaws. Industri Pasar Kemis Kec. Pasar Kemis Kab. Tangerang'),
(720, 'MUHAMAD WAHYUDIN', '1997-03-28', 'Operator Cargo Lift', 2, '-', 'PT. Inocycle Technology Group Tbk.', 'Jl. Putera Utaman No. 10 Kaws. Industri Pasar Kemis Kec. Pasar Kemis Kab. Tangerang'),
(721, 'DUL BASRI', '1997-10-20', 'Operator Cargo Lift', 2, '-', 'PT. Inocycle Technology Group Tbk.', 'Jl. Putera Utaman No. 10 Kaws. Industri Pasar Kemis Kec. Pasar Kemis Kab. Tangerang'),
(722, 'ANDRICKA FAHMI RAMADHAN', '1999-02-10', 'Operator Cargo Lift', 2, '-', 'PT. Inocycle Technology Group Tbk.', 'Jl. Putera Utaman No. 10 Kaws. Industri Pasar Kemis Kec. Pasar Kemis Kab. Tangerang'),
(723, 'PINUS RAJENDRA PRASOJO', '1992-03-04', 'Operator Cargo Lift', 2, '-', 'PT. Inocycle Technology Group Tbk.', 'Jl. Putera Utaman No. 10 Kaws. Industri Pasar Kemis Kec. Pasar Kemis Kab. Tangerang'),
(724, 'IRWAN EFFENDI', '1999-11-25', 'Operator Cargo Lift', 2, '-', 'PT. Inocycle Technology Group Tbk.', 'Jl. Putera Utaman No. 10 Kaws. Industri Pasar Kemis Kec. Pasar Kemis Kab. Tangerang'),
(725, 'SUPRIYATNA', '1982-06-10', 'Juru Las / Welder', 3, '-', 'Personal', 'Kp. Gunung Hejo RT. 020 RW. 008, Kel/Ds. Ciroyom, Kec. Cipeundeuy, Kab. Bandung Barat, Prov. Jawa Barat'),
(726, 'RONALD RH. SITINJAK', '1977-02-10', 'Operator Passenger Hoist', 2, '-', '-', '-'),
(727, 'ASEP SUPRIATNA ', '1998-01-02', 'Operator Gondola', 2, '-', 'PT. PURADIKA ASA AGUNG', '-'),
(728, 'AHMAD DARIF', '1985-08-27', 'Operator Truck Crane', 2, '-', '-', '-'),
(729, 'DEDE GUNAWAN', '1997-06-06', 'Operator Gondola', 2, '-', 'PT. PURADIKA ASA AGUNG', '-'),
(730, 'INDRA SANJAYA', '1998-11-06', 'AHLI K3 KETINGGIAN TINGKAT 2 (TKBT)', 1, '-', 'PT. FINDI JAYA MANDIRI', 'Jl. Soekarno Hatta Gg. Satuan Puncak Nur Rt. 12 LK. II Rajabasa Kota Bandar Lampung'),
(731, 'RAFFI NABIEL AMIEN DUPPO', '1999-01-07', 'AHLI K3 KETINGGIAN TINGKAT 2 (TKBT)', 1, '-', 'PT. FINDI JAYA MANDIRI', 'Jl. Soekarno Hatta Gg. Satuan Puncak Nur Rt. 12 LK. II Rajabasa Kota Bandar Lampung'),
(732, 'KHOLID', '1995-10-08', 'Operator Wheel Loader', 2, '-', '-', '-'),
(733, 'AHMAD NURYADI', '2000-04-10', 'Operator Wheel Loader', 2, '-', '-', '-'),
(734, 'RUDIYANTO', '1980-01-27', 'Juru Las / Welder', 3, '-', 'PT. Sumber Agung Pratama', 'Jln. Raya Kosambi Barat RT. 003/002, Kel. Kosambi Barat, Kec. Kosambi, Tangerang - Banten 15213'),
(735, 'HERI ASHARI', '1987-06-01', 'Juru Las / Welder', 3, '-', 'PT. Sumber Agung Pratama', 'Jln. Raya Kosambi Barat RT. 003/002, Kel. Kosambi Barat, Kec. Kosambi, Tangerang - Banten 15213'),
(736, 'AHMAD ZUKROKI', '1985-12-09', 'Juru Las / Welder', 3, '-', 'PT. Sumber Agung Pratama', 'Jln. Raya Kosambi Barat RT. 003/002, Kel. Kosambi Barat, Kec. Kosambi, Tangerang - Banten 15213'),
(737, 'MARYONO', '1972-03-21', 'Juru Las / Welder', 3, '-', 'PT. Sumber Agung Pratama', 'Jln. Raya Kosambi Barat RT. 003/002, Kel. Kosambi Barat, Kec. Kosambi, Tangerang - Banten 15213'),
(738, 'TAOPIK HIDAYAT', '1985-03-05', 'AHLI K3 SPESIALIS BIDANG LISTRIK', 1, '93.085.257.9-432.000', 'PT. KRISNA ELECTRIKAL SELARAS', 'Ruko Griya Centrado A No. 1 RT. 004 RW. 003 Cikiwul Bantargebang Kota Bekasi Jawa Barat 17152'),
(739, 'FUAD', '1995-06-08', 'Operator Bulldozer', 2, '-', '-', '-'),
(740, 'SUPIANTO', '2003-06-05', 'Operator Bulldozer', 2, '-', '-', '-'),
(741, 'SRI UTOMO', '1992-07-07', 'Operator Bulldozer', 2, '-', '-', '-'),
(742, 'AGUS SUTRIYADI', '2000-04-30', 'Operator Forklift', 2, '-', '-', '-'),
(743, 'SUWARTONO', '1981-09-12', 'Ahli K3 Spesialis Bidang Listrik', 1, '-', 'PT. PUTRA ANDALAN SAKTI', 'Jl. Semarang 106c / Block A17 Surabaya'),
(744, 'SAMSUL HIDAYAH', '1998-04-10', 'Operator Excavator', 2, '-', '-', '-'),
(745, 'JOHANSYAH', '1979-07-01', 'Operator Mini Pile Driver', 2, '-', 'PT. Kalimantan Concrete Engineering', 'Jl. Trikora Tambak Halayung, RT. 06 RW. 03, Landasan Ulin Tengah, Liang Anggang, Banjarbaru'),
(746, 'PONCO ADHI SAPUTRO', '1993-09-11', 'Operator Forklift', 2, '-', '-', '-'),
(747, 'MAULANA EKO CAHYO', '1996-09-25', 'Operator Forklift & Operator Reach Stacker', 2, '-', 'PT. Pelabuhan Indonesia (Persero) Pelabuhan Bima', 'Jl. RE Martadinata No, 1 Kel. tanjung Kec. Rasanae Barat Kota Bima'),
(748, 'DEDE KUSDIANA N.', '1966-11-10', 'Operator Stone Crusher', 2, '-', 'PT. SWARNA DINAMIKA MANUNGGAL', '-'),
(749, 'UDI MUFRODI', '1998-06-08', 'Operator Forklift', 2, '-', 'PT. Putra Gemilang Terate', 'Jl. Raya Bojonegara, Kp. Kerandan, Ds. Terate, RT. 02 RW. 01, Kec. Kramatwatu, Kab. Serang 42161'),
(750, 'SUPARNO', '1983-06-04', 'Operator Mobile Crane', 2, '-', '-', '-'),
(751, 'RANDY WIRAWAN', '1990-10-24', 'Operator Forklift', 2, '-', '-', '-'),
(752, 'WENDI DARMAWAN, M.M.', '1970-04-22', 'AHLI MADYA K3 KONTRUKSI', 1, '48.468.894.0-408.000', 'PT. TRI JAYA TEKNIK KARAWANG', 'Jl. Alternatif Krajan II Warung Bambu - Karawang'),
(753, 'BAMBANG SUBEKTI', '1964-01-07', 'Ahli Muda K3 Konstruksi', 1, '-', 'Personal', 'Jl. Angkasa RT. 004 RW. 002, Kel/Ds. Ceger, Kec. Cipayung, Jakarta Timur, Prov. DKI Jakarta'),
(754, 'FERI DIRGANTARA', '1986-08-12', 'Operator Passenger Hoist', 2, '-', '-', '-'),
(755, 'SUGENG SUGIARTO', '1992-07-13', 'Operator Gondola', 2, '-', 'CV . RAMA ELECTRIC PERSADA', '-'),
(756, 'DADANG DARMANTO', '1988-09-02', 'Operator Forklift', 2, '-', 'PT. SUPER BLOKMIL INDONESIA', 'Jl. Nasional 1, Kalipasung, Kec. Gebang, Kab. Cirebon, Jawa Barat 45191'),
(757, 'ARFIANDI, S KOM. ', '1989-09-08', 'AHLI MUDA K3 KONTRUKSI', 1, '54.311.431.8-404.000', 'PT. NATTA FAZA INTERNASIONAL', 'Jalan Curug Mekar No. 02 RT. 002 RW. 001 Kelurahan Curug Kecamatan Bogor Barat Kota Bogor'),
(758, 'KUSHENDAR', '1985-06-26', 'Operator Forklift', 2, '-', '-', '-'),
(759, 'IBNU ARBAIN NAWAWI', '2002-09-15', 'Juru Las / Welder', 3, '-', 'Personal', 'Jl. K. Nursiyah RT. 003 RW. 004, Kel/Ds. Ketanggungan, Kec. Ketanggungan, Kab. Brebes, Prov. Jawa Tengah'),
(760, 'FACHRY IMADUDDIN FATAH', '1994-03-13', 'Operator Forklift', 2, '-', '-', '-'),
(761, 'GALIH PUTRA DINAR', '1996-10-15', 'Operator Excavator', 2, '-', '-', '-'),
(762, 'KRISTIAN VALENTINO NAPITUPULU', '2000-02-02', 'Operator Wheel Loader', 2, '-', 'PT. Sentra Mitra Alih Daya', 'Jl. Pelabuhan Kav. I Kabil, Nongsa Batam'),
(763, 'KRISTIAN VALENTINO NAPITUPULU', '2000-02-02', 'Operator Wheel Loader', 2, '-', 'PT. Sentra Mitra Alih Daya', 'Jl. Pelabuhan Kav. I Kabil, Nongsa Batam'),
(764, 'TOTO ENDRA IRMAWAN', '1993-11-06', 'Operator Forklift', 2, '-', '-', '-'),
(765, 'TOTO ENDRA IRMAWAN', '1993-11-06', 'Operator Forklift', 2, '-', '-', '-'),
(766, 'ARIF FATHUR ROHMAN', '1991-09-19', 'Operator Concrete Pump', 2, '-', '-', '-'),
(767, 'RISKA ALFI AFKARINA SAYYIDI', '1997-06-19', 'AHLI K3 UMUM', 1, '-', 'PT. CITRANIAGA UTAMA', 'Jl. Kutisari No. 14 Surabaya Jawa Timur 6021'),
(768, 'MARYONO', '2000-05-07', 'Operator Wheel Loader', 2, '-', 'PT. LUCKY INDAH KERAMIK', 'Wisma Sakura, Jl. Hati Suci No. 4 Jakarta 10250'),
(769, 'DWI HARTANTO', '1992-04-24', 'Operator Batching Plant', 2, '-', 'PT. PANCA WIRA PUTRA', 'Jl. Tentara Pelajar RT. 03 RW. 09 Bakalan Bolon Colomadu Karanganyar'),
(770, 'SUDARDO', '1974-05-01', 'Operator Asphalt Mixing Plant', 2, '-', 'PT. PANCADARMA PUSPAWIRA', 'Jl. Jend. Basuki Rachmad No. 18 Surakarta'),
(771, 'JOKO RIYANTO', '1990-06-25', 'Operator Mixer Truck', 2, '-', 'PT. PANCA WIRA PUTRA', 'Jl. Tentara Pelajar RT. 03 RW. 09 Bakalan Bolon Colomadu Karanganyar'),
(772, 'M AWIK TAMARO', '1976-06-06', 'Operator Mixer Truck', 2, '-', 'PT. PANCA WIRA PUTRA', 'Jl. Tentara Pelajar RT. 03 RW. 09 Bakalan Bolon Colomadu Karanganyar'),
(773, 'MUHAMMAD ZAINAL ABIDIN', '1985-10-10', 'Operator Mixer Truck', 2, '-', 'PT. PANCA WIRA PUTRA', 'Jl. Tentara Pelajar RT. 03 RW. 09 Bakalan Bolon Colomadu Karanganyar'),
(774, 'NGATMIN', '1973-12-11', 'Operator Mixer Truck', 2, '-', 'PT. PANCA WIRA PUTRA', 'Jl. Tentara Pelajar RT. 03 RW. 09 Bakalan Bolon Colomadu Karanganyar'),
(775, 'PRIYOKO', '1983-02-04', 'Operator Mixer Truck', 2, '-', 'PT. PANCA WIRA PUTRA', 'Jl. Tentara Pelajar RT. 03 RW. 09 Bakalan Bolon Colomadu Karanganyar'),
(776, 'SUHARNO', '1979-05-16', 'Operator Mixer Truck', 2, '-', 'PT. PANCA WIRA PUTRA', 'Jl. Tentara Pelajar RT. 03 RW. 09 Bakalan Bolon Colomadu Karanganyar'),
(777, 'SUTAMAN', '1962-04-16', 'Operator Mixer Truck', 2, '-', 'PT. PANCA WIRA PUTRA', 'Jl. Tentara Pelajar RT. 03 RW. 09 Bakalan Bolon Colomadu Karanganyar'),
(778, 'SUWARDI JOKO WIDODO', '1976-08-12', 'Operator Mixer Truck', 2, '-', 'PT. PANCA WIRA PUTRA', 'Jl. Tentara Pelajar RT. 03 RW. 09 Bakalan Bolon Colomadu Karanganyar'),
(779, 'SUPARMAN', '1968-07-20', 'Operator Mixer Truck', 2, '-', 'PT. PANCA WIRA PUTRA', 'Jl. Tentara Pelajar RT. 03 RW. 09 Bakalan Bolon Colomadu Karanganyar'),
(780, 'SUPARNO', '1977-11-02', 'Operator Mixer Truck', 2, '-', 'PT. PANCA WIRA PUTRA', 'Jl. Tentara Pelajar RT. 03 RW. 09 Bakalan Bolon Colomadu Karanganyar'),
(781, 'SUWONO ARDHY', '1978-07-15', 'Operator Mixer Truck', 2, '-', 'PT. PANCA WIRA PUTRA', 'Jl. Tentara Pelajar RT. 03 RW. 09 Bakalan Bolon Colomadu Karanganyar'),
(782, 'AGUS BUDI WARDOYO', '1985-10-01', 'Operator Mixer Truck', 2, '-', 'PT. PANCA WIRA PUTRA', 'Jl. Tentara Pelajar RT. 03 RW. 09 Bakalan Bolon Colomadu Karanganyar'),
(783, 'MOHAMAD ZAINI MIFTAH', '1993-03-20', 'Operator Forklift', 2, '-', '-', '-'),
(784, 'SRIYONO', '1984-05-15', 'Operator Excavator', 2, '-', '-', '-'),
(785, 'HELMAN AMBARITA', '1977-08-02', 'Operator Excavator', 2, '-', '-', '-'),
(786, 'MUHAMAD ALDIYANSYAH RIFAI', '2001-01-15', 'Operator Forklift', 2, '-', '-', '-'),
(787, 'MARDILAN', '1995-08-07', 'Operator Quay Container Crane', 2, '-', '-', '-'),
(788, 'KUKUH HARLIYANTO', '1992-09-19', 'Operator Forklift', 2, '-', '-', '-'),
(789, 'ROHIM', '1995-10-04', 'Operator Forklift', 2, '-', '-', '-'),
(790, 'MUHAMAD MULYANA', '1991-10-10', 'Operator Forklift', 2, '-', '-', '-'),
(791, 'PAUZAN', '1976-08-04', 'Operator Excavator', 2, '-', '-', '-'),
(792, 'NGATIMUN', '1967-12-31', 'Operator Loader', 2, '-', '-', '-'),
(793, 'SUMARYONO', '1970-07-19', 'Operator Gondola', 2, '-', 'CV. RAMA ELECTRIC PERSADA', '-'),
(794, 'ANDRI SUJARWA', '1986-01-21', 'Tenaga Kerja Bangunan Tinggi Tingkat 2', 1, '-', 'Personal', 'Taman Valencia Blok H No. 31, RT. 002 RW. 025, Kel/Ds. Belian, Kec. Batam Kota, Kota Batam, Prov. Kepulauan Riau'),
(795, 'YULI BINHARTO', '1967-07-27', 'Ahli K3 Umum', 1, '-', 'PT. Anugerah Alfa Omega', 'Puri Kencana, Ruko Puri Tirta Blok L6 No. 88L, Jakarta 11610'),
(796, 'A. RIDWAN ', '1963-10-22', 'AHLI K3 UMUM', 1, '02.505.279.6-031.000', 'PT. PURADIKA ASA AGUNG', 'GD. Cahaya Palmerah Jl. Palmerah Utama III No. 09 RT. 004 RW. 006 Palmerah Palmerah Jakarta Barat DKI Jakarta 11480'),
(797, 'WANDI', '1989-09-17', 'Operator Forklift', 2, '-', '-', '-'),
(798, 'JAENI', '1979-08-15', 'Operator Forklift', 2, '-', '-', '-'),
(799, 'WAWAN GUNAWAN', '1987-08-29', 'Operator Forklift', 2, '-', '-', '-'),
(800, 'ABDUL WASI', '1980-05-10', 'Operator Forklift', 2, '-', '-', '-'),
(801, 'IWAN SUKMA WIJAYA', '1985-07-11', 'Operator Forklift', 2, '-', '-', '-'),
(802, 'REVA RISKIYADI', '2000-10-18', 'Operator Forklift', 2, '-', '-', '-'),
(803, 'ARIPIN', '1988-02-03', 'K3 TENAGA KERJA BANGUNAN TINGGI (TKBT 2) ', 1, '62.247.883.2-514.000', '-', '-'),
(804, 'H. KASMO', '1961-03-10', 'K3 TENAGA KERJA BANGUNAN TINGGI (TKBT 2) ', 1, '17.975.351.2-005.000', '-', '-'),
(805, 'MULYONO', '1974-04-10', 'K3 TENAGA KERJA BANGUNAN TINGGI (TKBT 2) ', 1, '62.188.331.3-521.000', '-', '-'),
(806, 'MUHAMMAD MARIO SITUMORANG', '2000-09-01', 'Operator Mobile Crane', 2, '-', '-', '-'),
(807, 'BERY HAMID', '1994-12-17', 'Tenaga Kerja Pada Ketinggian Tingkat 2', 1, '42.671.959.7-428.000', 'PT. TESLA DAYA ELEKTRIKA', 'Jl. Matrapersada No. 4A Kel. Pasirkaliki, Kec. Cimahi Utara, Kota Cimahi, Prov. Jawa Barat'),
(809, 'FAIZ', '1996-01-24', 'Operator Forklift', 2, '-', 'PT. Putra Gemilang Terate', 'Jl. Raya Bojonegara, Kp. Kerandan, Ds. Terate, RT. 02 RW. 01, Kec. Kramatwatu, Kab. Serang 42161'),
(810, 'PRIYONO', '1977-05-27', 'Ahli Muda K3 Konstruksi', 1, '-', '-', '-'),
(811, 'MOCHAMAD NIZHAR', '1992-11-06', 'Ahli Muda K3 Konstruksi', 1, '-', '-', '-'),
(812, 'DANNI HARIANJA', '2002-09-13', 'Juru Ikat / Rigger', 2, '-', '-', '-'),
(813, 'M SAIFUL', '1996-10-08', 'Operator Excavator', 2, '-', '-', '-'),
(814, 'DARNO', '1985-10-12', 'Operator Overhead Crane', 2, '-', 'PT. Dispo Jaya Indonesia', 'Jl. Industri Raya III Blok AE No. 7 Ds. Bunder Kec. Cikupa Kab. Tangerang 15710'),
(815, 'MOH. KHOLIL', '2001-01-04', 'Operator Overhead Crane', 2, '-', 'PT. Strawland', 'Jl. Industri Raya III Blok AE No. 2 Ds. Bunder Kec. Cikupa Kab. Tangerang 15710'),
(816, 'SLAMET SUPRIATNO', '1974-04-09', 'Operator Mobile Crane', 2, '-', '-', '-'),
(817, 'GANDRIK PATRIANTO', '1964-11-06', 'AHLI K3 SPESIALIS BIDANG LISTRIK', 1, '31.556.421.1-625.000', 'CV. KARYA NUSANTARA SEJATI', 'Perum Pulang Permai Barat No. 10 RT. 01 RW. 04 Kel. Pinang Kec. Kademangan Kota Probolinggo'),
(818, 'CAHYA FITRIANA', '1999-01-27', 'AHLI K3 UMUM', 1, '-', 'PT. CITRANIAGA UTAMA', 'Jl. Kutisari No. 14 Surabaya Jawa Timur 6021'),
(819, 'NOVIANTO DWI ARISANDY', '1987-11-28', 'AHLI K3 UMUM', 1, '-', 'PT. CITRANIAGA UTAMA', 'Jl. Kutisari No. 14 Surabaya Jawa Timur 6021'),
(820, 'RAFINDA DWI BEBASARI', '1999-11-06', 'Operator Forklift', 2, '-', '-', '-'),
(821, 'IZMUL HAFIZ AKBARI', '2002-11-02', 'Ahli K3 Spesialis Bidang Listrik', 1, '-', 'PT. MAYU CIPTA PRATAMA', 'Jl. MT. Haryono No. B9, Kel. Jati Karya, Kec. Binjai Utara, Binjai - Sumut'),
(822, 'REZA ASKRUN ASHADI', '1998-09-14', 'Ahli K3 Umum', 1, '-', 'PT. ZAKY PERSADA', 'Jl. Nuri Blok G2 No. 103 RT. 019, Kel. Gunung Bahagia, Balikpapan - Kalimantan Timur 764114'),
(823, 'AFAN NUR ARIF', '1999-09-07', 'Supervisor K3 Perancah', 1, '-', 'PT. DAEAH E&C INDONESIA', 'Jl. S.A Tortayasa, Ruko Mega Cilegon, Blok A Simpang Tiga Cilegon'),
(824, 'EPHAN TAMPUBOLON', '2002-12-12', 'Operator Forklift', 2, '-', '-', '-'),
(825, 'SUROTO', '1976-06-11', 'Operator Vibro Roller', 2, '-', 'PT. PANCADARMA PUSPAWIRA', 'Jl. Jend. Basuki Rachmad No. 18 Surakarta'),
(826, 'BAYU APRIANTO', '1992-04-28', 'Operator Excavator', 2, '-', 'PT. PANCADARMA PUSPAWIRA', 'Jl. Jend. Basuki Rachmad No. 18 Surakarta'),
(827, 'BAMBANG SUHONO', '1969-10-12', 'Operator Tire Roller', 2, '-', 'PT. PANCADARMA PUSPAWIRA', 'Jl. Jend. Basuki Rachmad No. 18 Surakarta'),
(828, 'SOESANTO', '1971-02-20', 'Operator Tandem Roller', 2, '-', 'PT. PANCADARMA PUSPAWIRA', 'Jl. Jend. Basuki Rachmad No. 18 Surakarta'),
(829, 'IHAR', '1975-06-07', 'Teknisi K3 Perancah / Scaffolder', 1, '-', 'PT. RATAMA UNIX', 'Jl. Mayor Oking No. 3 Bogor 16124'),
(830, 'IDING', '1971-12-01', 'Juru Las / Welder', 3, '-', 'PT. RATAMA UNIX', 'Jl. Mayor Oking No. 3 Bogor 16124'),
(831, 'HERU MARYANTO', '1983-12-20', 'Ahli K3 Umum', 1, '-', 'PT. Putra Cilegon Mandiri', 'Jln. Ir. Sutami Link. Kapudenok Mesjid Lebak Denok Citangkil Cilegon 42442'),
(832, 'ROBBY GINANJAR KARTADIBRATA', '1985-10-08', 'PETUGAS PERTOLONGAN PERTAMA PADA KECELAKAAN KERJA  (P3K) ', 1, '67.933.370.8-425.000', 'PT. AKURASI KONSTRUKSI INDONESIA', 'Komp. Hyper Square Blok. C 21 Jl. Pasirkaliki No. 25-27 Kel. Kebon Jeruk, Kec. Andir Kota Bandung Prov. Jawa Barat - Indonesia'),
(833, 'T.YUDI SEPTIADI ', '1966-09-12', 'AHLI MADYA K3 KONTRUKSI', 1, '-', 'PT. SUBEXUNG CIPTA KARYA ', 'Jl. Taman Kopo Indah 2 Blok 2A No. 32, Rahayu Kec. Margaasih, Kab. Bandung, Jawa Barat 40218'),
(834, 'LUCKY LUKMAN KURNIAWAN', '1978-10-09', 'AHLI K3 UMUM', 1, '14.088.965.0-421.000', 'PT. SUBEXUNG CIPTA KARYA ', 'Jl. Taman Kopo Indah 2 Blok 2A No. 32, Rahayu Kec. Margaasih, Kab. Bandung, Jawa Barat 40218'),
(835, 'PRI JUHARTONI', '1970-06-18', 'AHLI K3 UMUM', 1, '84.242.400.4-428.000', 'PT. SUBEXUNG CIPTA KARYA ', 'Jl. Taman Kopo Indah 2 Blok 2A No. 32, Rahayu Kec. Margaasih, Kab. Bandung, Jawa Barat 40218'),
(836, 'BUEIA HASUGIAN', '1999-04-24', 'Operator Excavator', 2, '-', '-', '-'),
(837, 'ANDI', '1979-04-03', 'Operator Excavator', 2, '-', '-', '-'),
(838, 'TRI SYAWAL DIKASAPUTRA', '2002-12-16', 'Operator Excavator', 2, '-', '-', '-'),
(839, 'FAHRI FAUZI', '1998-08-17', 'Operator Mobile Crane / Crawler Crane', 2, '-', '-', '-'),
(840, 'DIMAS INDRA LESMANA', '2000-03-21', 'Operator Forklift', 2, '-', '-', '-'),
(841, 'SARTONO', '1990-06-17', 'Operator Forklift', 2, '-', '-', '-'),
(842, 'MURTANI', '1972-12-15', 'Operator Forklift', 2, '-', '-', '-'),
(843, 'RIZKY FITRA MAULANA', '1986-06-06', 'Operator Forklift', 2, '-', '-', '-'),
(844, 'MUHAMMAD FAHRIZAL MASUM', '1999-10-01', 'Operator Forklift', 2, '85.273.990.3-523.000', '-', '-'),
(845, 'PERDI PERDANA', '1990-08-05', 'Operator Forklift', 2, '97.329.039.8-435.000', '-', '-'),
(846, 'AJI GUNTHORO', '1998-11-21', 'Operator Forklift', 2, '82.280.397.9-524.000', '-', '-'),
(847, 'AGUNG MAULANA', '1997-08-20', 'Operator Forklift', 2, '83.447.254.0-425.000', '-', '-'),
(848, 'SUARDI MANALU', '1977-06-12', 'Operator Bulldozer', 2, '-', '-', '-'),
(849, 'ANDI. T.J. SIMANUNGKALIT', '1982-03-26', 'Operator Excavator', 2, '-', '-', '-'),
(850, 'REZA RULIANSAH, S. Pd. ', '1989-08-22', 'AHLI K3 UMUM', 1, '-', 'PT. MAHARANI PRIMA', 'Gd. Cibis Nine, Lt. 11, Jl TB Simatupang No. 2 Cilandak Timur, Jakarta Selatan. '),
(851, 'MOCHAMAD MUSLICH', '1991-01-10', 'Operator Reach Stacker', 2, '-', '-', '-'),
(852, 'RENO HADI MULYANA', '1998-07-25', 'Juru Ikat Rigger ', 2, '-', '-', '-'),
(853, 'AHMAD ABDULAH HASANI, A. Md', '1994-03-13', 'AHLI K3 UMUM', 1, '76.411.796.6-722.000', 'PT. JAGAD MANDIRI MARINE', 'Pergudangan Bizpoint Pemda Tigaraksa No. 25 Sukamulya Cikupa Kab. Tangerang banten      '),
(854, 'M. ARDI SANJAYA', '1991-02-21', 'Operator Forklift', 2, '-', '-', '-'),
(855, 'MOHAMMAD FAUZAN IBRAHIM', '2002-06-03', 'Operator Mobile Crane', 2, '-', 'PT. BUDI JAYA TEKNIK', 'Dsn. Gedangan RT. 01 RW. 01 Ds. Gedangan Sumobito Jombang');

-- --------------------------------------------------------

--
-- Table structure for table `tb_pekerjaan`
--

CREATE TABLE `tb_pekerjaan` (
  `id_pekerjaan` int(3) NOT NULL,
  `nama_pekerjaan` varchar(50) NOT NULL,
  `icon` varchar(255) NOT NULL,
  `link` varchar(255) NOT NULL
) ENGINE=InnoDB DEFAULT CHARSET=utf8mb4;

--
-- Dumping data for table `tb_pekerjaan`
--

INSERT INTO `tb_pekerjaan` (`id_pekerjaan`, `nama_pekerjaan`, `icon`, `link`) VALUES
(1, 'Ahli K3', 'fa fa-folder', '?page=MyApp/data_ahlik3'),
(2, 'Surat Izin Operator', 'fa fa-folder', '?page=MyApp/data_sio'),
(3, 'welder', 'fa fa-folder', '?page=MyApp/data_welder');

-- --------------------------------------------------------

--
-- Table structure for table `tb_pengguna`
--

CREATE TABLE `tb_pengguna` (
  `id_pengguna` int(11) NOT NULL,
  `nama_pengguna` varchar(255) NOT NULL,
  `username` varchar(20) NOT NULL,
  `password` varchar(15) NOT NULL,
  `level` enum('Administrator','','') NOT NULL
) ENGINE=InnoDB DEFAULT CHARSET=latin1;

--
-- Dumping data for table `tb_pengguna`
--

INSERT INTO `tb_pengguna` (`id_pengguna`, `nama_pengguna`, `username`, `password`, `level`) VALUES
(1, 'Bina Safety Indonesia', 'binasafety-admin', 'bsi.admin', 'Administrator'),
(2, 'Cahya Diantoni', 'cahya', '123098', 'Administrator'),
(3, 'Administrator', 'binasafety-admin', 'Zidanrival', 'Administrator');

--
-- Indexes for dumped tables
--

--
-- Indexes for table `tb_pekerja`
--
ALTER TABLE `tb_pekerja`
  ADD PRIMARY KEY (`id_pekerja`),
  ADD KEY `pekerjaan_id` (`pekerjaan_id`);

--
-- Indexes for table `tb_pekerjaan`
--
ALTER TABLE `tb_pekerjaan`
  ADD PRIMARY KEY (`id_pekerjaan`);

--
-- Indexes for table `tb_pengguna`
--
ALTER TABLE `tb_pengguna`
  ADD PRIMARY KEY (`id_pengguna`);

--
-- AUTO_INCREMENT for dumped tables
--

--
-- AUTO_INCREMENT for table `tb_pekerja`
--
ALTER TABLE `tb_pekerja`
  MODIFY `id_pekerja` int(5) NOT NULL AUTO_INCREMENT, AUTO_INCREMENT=856;

--
-- AUTO_INCREMENT for table `tb_pekerjaan`
--
ALTER TABLE `tb_pekerjaan`
  MODIFY `id_pekerjaan` int(3) NOT NULL AUTO_INCREMENT, AUTO_INCREMENT=4;

--
-- AUTO_INCREMENT for table `tb_pengguna`
--
ALTER TABLE `tb_pengguna`
  MODIFY `id_pengguna` int(11) NOT NULL AUTO_INCREMENT, AUTO_INCREMENT=8;

--
-- Constraints for dumped tables
--

--
-- Constraints for table `tb_pekerja`
--
ALTER TABLE `tb_pekerja`
  ADD CONSTRAINT `tb_pekerja_ibfk_1` FOREIGN KEY (`pekerjaan_id`) REFERENCES `tb_pekerjaan` (`id_pekerjaan`);
COMMIT;

/*!40101 SET CHARACTER_SET_CLIENT=@OLD_CHARACTER_SET_CLIENT */;
/*!40101 SET CHARACTER_SET_RESULTS=@OLD_CHARACTER_SET_RESULTS */;
/*!40101 SET COLLATION_CONNECTION=@OLD_COLLATION_CONNECTION */;
